,id,children
0,33341da7e65389afb3f49b313e259476c46467b5988271ef54ee4812f559c7d6,['33341da7e65389afb3f49b313e259476c46467b5988271ef54ee4812f559c7d6']
1,d1d7b90802e95b00169ba25b47c69612d895c169f3dfd2b5156c2d8b7c2eb4e6,['d1d7b90802e95b00169ba25b47c69612d895c169f3dfd2b5156c2d8b7c2eb4e6']
2,6b9d43bab1a9dd3c510968c413a440eef4441c6864ac5a98ac27b98b7757ddd4,['6b9d43bab1a9dd3c510968c413a440eef4441c6864ac5a98ac27b98b7757ddd4']
3,2f5bae7cba791523e6eaf236cf8714cd1d46e1140d4e693f5551d1140196c5f9,['2f5bae7cba791523e6eaf236cf8714cd1d46e1140d4e693f5551d1140196c5f9']
4,51a0a1c3c2d1f58501e5da29d43410e4985d36f5386a18560ebcd0d7af2b36b6,['51a0a1c3c2d1f58501e5da29d43410e4985d36f5386a18560ebcd0d7af2b36b6']
5,90953e34828119fb73b88a270906627da3f3e7cc6ddbf9751be16063b2e8329e,['90953e34828119fb73b88a270906627da3f3e7cc6ddbf9751be16063b2e8329e']
6,6968766d94620edfe594531bd43a2a49055564f89048c1c0fad3a0653c467732,['6968766d94620edfe594531bd43a2a49055564f89048c1c0fad3a0653c467732']
7,da8f6f1541131eda649296adde57991a2085d40dfe4eba65c0dfb92e8882a7b4,['da8f6f1541131eda649296adde57991a2085d40dfe4eba65c0dfb92e8882a7b4']
8,6ddda1aebe3954ca4215c501e3ec995f03b7dfc07e666a473f705ec1c8425e47,"['dca3be9e60161109c8cc7eec5924d047336e5cc09ed23cb6359013bb849a6442', '6ddda1aebe3954ca4215c501e3ec995f03b7dfc07e666a473f705ec1c8425e47']"
9,b2c98ef8ea107f74d80637da0f8faf46650b7dd23337aaf2fcb0d86f9a09052c,"['b2c98ef8ea107f74d80637da0f8faf46650b7dd23337aaf2fcb0d86f9a09052c', '23929dee96ab4368604218b609c1963a011ba4603037f1327037b1a175a5ab53']"
10,23929dee96ab4368604218b609c1963a011ba4603037f1327037b1a175a5ab53,"['b2c98ef8ea107f74d80637da0f8faf46650b7dd23337aaf2fcb0d86f9a09052c', '23929dee96ab4368604218b609c1963a011ba4603037f1327037b1a175a5ab53']"
11,023d9634c93dcf120b8c81aeb18b313aa0fca726a2308ae35bf6a176b71c488c,"['023d9634c93dcf120b8c81aeb18b313aa0fca726a2308ae35bf6a176b71c488c', '92fb30d3d27065fa4fca07ba38205c07ea722d296d5b81a10a0661a27baf5f94', '9422f23fe5232241a7627ee5ffea817e4d3e235c2b2435d87b113ae3c7262aff']"
12,92fb30d3d27065fa4fca07ba38205c07ea722d296d5b81a10a0661a27baf5f94,"['023d9634c93dcf120b8c81aeb18b313aa0fca726a2308ae35bf6a176b71c488c', '92fb30d3d27065fa4fca07ba38205c07ea722d296d5b81a10a0661a27baf5f94', '9422f23fe5232241a7627ee5ffea817e4d3e235c2b2435d87b113ae3c7262aff']"
13,9422f23fe5232241a7627ee5ffea817e4d3e235c2b2435d87b113ae3c7262aff,"['023d9634c93dcf120b8c81aeb18b313aa0fca726a2308ae35bf6a176b71c488c', '92fb30d3d27065fa4fca07ba38205c07ea722d296d5b81a10a0661a27baf5f94', '9422f23fe5232241a7627ee5ffea817e4d3e235c2b2435d87b113ae3c7262aff']"
14,afad6c9e1cc4e1f97f71224a408a79452b7b47fdeeb187a855bcd297a2f3e4a5,['afad6c9e1cc4e1f97f71224a408a79452b7b47fdeeb187a855bcd297a2f3e4a5']
15,201b574abb064089abe3c857a5c54e2869109618cf69e18f56537f9d69cc4fea,['201b574abb064089abe3c857a5c54e2869109618cf69e18f56537f9d69cc4fea']
16,e634059e47b6cb9e01a5d2d3f6fc17da6c17311678e13b50f9a1b2c822a8527a,"['e7c3b2f7d9abb94aee18d5202638942488a7e3f82e3e863e8b7a68f7cda5cc05', '264364731b475009f121f9493603bec4a6c740bb9c6a3b7878206b1379aced06', '95e8d3d3abeb7c30d025d9cf23fee8e9b7af14fc7a31158a8538ad7f0443e71a', 'af13717811aa60370b055983176bf9cbb2aa32ac6bd56c983d5ac76646996346', 'cc30eac6a63684b8353d3888e1c6f9631407794b7326499648a4fc7fb3a25966', 'e634059e47b6cb9e01a5d2d3f6fc17da6c17311678e13b50f9a1b2c822a8527a']"
17,b3a4f274d7c9858e59280aa00b3454b4270e3d7f279a3ebc000e2f14c5b681c7,['b3a4f274d7c9858e59280aa00b3454b4270e3d7f279a3ebc000e2f14c5b681c7']
18,54870b9b673b810f8ab0b40c0638a4a01af9adb00b96e9125cef7f5150b746f0,"['54870b9b673b810f8ab0b40c0638a4a01af9adb00b96e9125cef7f5150b746f0', 'ee36ebfa514e2396e829a675c6a649180c46370a9c8ce9386d98bb2568921d2f']"
19,2496059e855b135e0d556056a22f3f42b5ca58e0cc2e4f2efb342dcb85b74f5c,['2496059e855b135e0d556056a22f3f42b5ca58e0cc2e4f2efb342dcb85b74f5c']
20,6a9e2bf8d213e0d60dcffdfef65cb5d5e29dab17d2e782a6cfd5298973628b2a,"['0d2683e92f89813cbe498f84d35bd67c42b59c9abb133cc887a892a56e25de7a', '6a9e2bf8d213e0d60dcffdfef65cb5d5e29dab17d2e782a6cfd5298973628b2a']"
21,0d2683e92f89813cbe498f84d35bd67c42b59c9abb133cc887a892a56e25de7a,"['0d2683e92f89813cbe498f84d35bd67c42b59c9abb133cc887a892a56e25de7a', '6a9e2bf8d213e0d60dcffdfef65cb5d5e29dab17d2e782a6cfd5298973628b2a', '0d2683e92f89813cbe498f84d35bd67c42b59c9abb133cc887a892a56e25de7a', '0d2683e92f89813cbe498f84d35bd67c42b59c9abb133cc887a892a56e25de7a']"
22,4be9d7c8f18185dfb544af93174053d188b915e9ddb07850db9d361e563f8c94,['4be9d7c8f18185dfb544af93174053d188b915e9ddb07850db9d361e563f8c94']
23,0e4ac979bf1738e653c92b7a268120fecf29fa49558db7126590d3b7dc0293fd,['0e4ac979bf1738e653c92b7a268120fecf29fa49558db7126590d3b7dc0293fd']
24,1cd1a5b1ef084dd85e3331bebde4c2dec181b272e314e3296cddcc465b057811,['1cd1a5b1ef084dd85e3331bebde4c2dec181b272e314e3296cddcc465b057811']
25,17880beaf2a238e8f27faba82d65cce8f942b3fb44a8360759657b5415264e74,['17880beaf2a238e8f27faba82d65cce8f942b3fb44a8360759657b5415264e74']
26,3213c063dc62f3a9990e3e47f0f9ce04ffbb7873f07c098aabdcbf1094a7fabf,['3213c063dc62f3a9990e3e47f0f9ce04ffbb7873f07c098aabdcbf1094a7fabf']
27,ae6bb9fe3f33b066151e640219b2502424d1b14f347d49f3c827cb703bcbf027,['ae6bb9fe3f33b066151e640219b2502424d1b14f347d49f3c827cb703bcbf027']
28,97d31ddfd551bcf8af0e3ac800287fbc21a4407ef88283ab65f0bee662986430,['97d31ddfd551bcf8af0e3ac800287fbc21a4407ef88283ab65f0bee662986430']
29,1f25bfdf6d3235dbc7e8d5bd514d13c683b8e7b1af93d64dbba4c0ef8680e369,"['1f25bfdf6d3235dbc7e8d5bd514d13c683b8e7b1af93d64dbba4c0ef8680e369', '1f25bfdf6d3235dbc7e8d5bd514d13c683b8e7b1af93d64dbba4c0ef8680e369', '1f25bfdf6d3235dbc7e8d5bd514d13c683b8e7b1af93d64dbba4c0ef8680e369', '1f25bfdf6d3235dbc7e8d5bd514d13c683b8e7b1af93d64dbba4c0ef8680e369', '5433806179e5a8ac586bdcf732664e25ec304cfe001c3e8ac19c185ca20d1f6f']"
30,010de2fa7e64d480c86a34b80bf544e1341b281f390c23b7e4966c915dc6e91b,['010de2fa7e64d480c86a34b80bf544e1341b281f390c23b7e4966c915dc6e91b']
31,15ef197d519d24634f6a54a7a1f3679cb3ab1d1d135d02ebb8e7dfeb95de8329,['15ef197d519d24634f6a54a7a1f3679cb3ab1d1d135d02ebb8e7dfeb95de8329']
32,fb0606a820a95ac841dd8eeb317fd59fdf2db536a908d9bebfc701d79cb4e1f5,['fb0606a820a95ac841dd8eeb317fd59fdf2db536a908d9bebfc701d79cb4e1f5']
33,4b8bcf8caf1ac1fa8ee0a4d52341d47f50b19a8b7b2422de8e21139884c3e65c,['4b8bcf8caf1ac1fa8ee0a4d52341d47f50b19a8b7b2422de8e21139884c3e65c']
34,495654abdab83f86a0b4b5bbaefb0e57b1d0a53335c605507ce579267ae884e0,['495654abdab83f86a0b4b5bbaefb0e57b1d0a53335c605507ce579267ae884e0']
35,32cd1efcef26e2a795aa52d593b5c20ae0b35e6471363d5b201a9e02a0a3a7f9,['32cd1efcef26e2a795aa52d593b5c20ae0b35e6471363d5b201a9e02a0a3a7f9']
36,6dc7f10ebf54f44cc5b741d0aa4d5d2d76e4b8ca106447908cb91ecafabf8f1a,['6dc7f10ebf54f44cc5b741d0aa4d5d2d76e4b8ca106447908cb91ecafabf8f1a']
37,33581526d75113a4b4d40bf23636314224d38e8483f02e31fe66ee5abcde99b5,['33581526d75113a4b4d40bf23636314224d38e8483f02e31fe66ee5abcde99b5']
38,74af51b554c6509165efa81c725b48316527feb817174bb576fb649405f10f3e,"['74af51b554c6509165efa81c725b48316527feb817174bb576fb649405f10f3e', '7808c2b5d4e84e4f3a498d7733134bdaefa9b6175314c342ca7606c2893967df', '3e47b0de7c372fe2fd1bed6254d9095dd3cbaf75b1bab707fe847f9435b817a9']"
39,a60ac3b1126873c4f7c8405887c959d3f42405311c537466b6a2294e525ad78b,"['2881427a98b66c776bcc742d3f258477a1be5e6b2fb99f22f50314989682edf7', 'a60ac3b1126873c4f7c8405887c959d3f42405311c537466b6a2294e525ad78b', '00c3284229d195a772f83f201fa6c021dc2ce388c72917c071e6d008a4b8faff', 'a60ac3b1126873c4f7c8405887c959d3f42405311c537466b6a2294e525ad78b', 'c6dfd6fdb4ea314dde3cd8bf31506b3d64f7fac76394ae8c105f9ba7fabc1228', 'a60ac3b1126873c4f7c8405887c959d3f42405311c537466b6a2294e525ad78b']"
40,c6dfd6fdb4ea314dde3cd8bf31506b3d64f7fac76394ae8c105f9ba7fabc1228,"['c6dfd6fdb4ea314dde3cd8bf31506b3d64f7fac76394ae8c105f9ba7fabc1228', 'a60ac3b1126873c4f7c8405887c959d3f42405311c537466b6a2294e525ad78b']"
41,b10b7af11770989a8cc6f6a57f16f62820b3eba48165f7f012932c12d4ed1056,"['b10b7af11770989a8cc6f6a57f16f62820b3eba48165f7f012932c12d4ed1056', 'b10b7af11770989a8cc6f6a57f16f62820b3eba48165f7f012932c12d4ed1056', '7d072906896a3047eada11fbf689e5a043c3411b00e9844c8d78385035e7b4c0', '65759017aaa297bafea4d8b704583deec3bddcbc433063dff6a39cd64c17eb41', '96fdfd1b618d1dbaa6a73cd01e401bd5538f53ce116d9acbfa5070ae5b05b0c2', 'b10b7af11770989a8cc6f6a57f16f62820b3eba48165f7f012932c12d4ed1056']"
42,9e8b8b26621abbfd62859be538a442a8a4ce0411be757a98302a757037965349,['9e8b8b26621abbfd62859be538a442a8a4ce0411be757a98302a757037965349']
43,4cdc54571add9214176a74a6530c25b1616abeefb1125954ab95202541d84472,['4cdc54571add9214176a74a6530c25b1616abeefb1125954ab95202541d84472']
44,013fd91d491e2d8a2dc577baf9b3c6cc88efa9039c0df7925c76e5931c54b524,['013fd91d491e2d8a2dc577baf9b3c6cc88efa9039c0df7925c76e5931c54b524']
45,b0a88d2e50863eff23f15174509429d483241ce0a17804c4b9486e2085f76285,"['46e9434ec72033e64349b87720802c5589aa4ccb4158ca5eeb4080f1c0a1fae2', 'b0a88d2e50863eff23f15174509429d483241ce0a17804c4b9486e2085f76285']"
46,6cd4975d3fc94c52485996e65a807bf9bb4a67c105753c278cf2efa0adf8a953,"['073b8988694f933dcb9176683705423ba09c6a87e86ed61cf1d892d379eeb654', '6cd4975d3fc94c52485996e65a807bf9bb4a67c105753c278cf2efa0adf8a953']"
47,a2d11e546e3417b9ce53bd38edb472b600ff92e15c91e44ac8ef228ced1b1f45,"['0857e1470bd3e182c1794652621ae6b4bd3fd6b9c979c286a2f4325eb81af571', '7a46d60d4c6d199066faa1e920d6edd282e737f1e33ddca644ac75fce5980105', 'a2d11e546e3417b9ce53bd38edb472b600ff92e15c91e44ac8ef228ced1b1f45', 'aa51b88e25062a709bb5cf9eb52d948fab43cc5b84143c1f94a2f53a20258540', 'ea5dc4166516ab74f83bb6f7687be7a9b2e85d097067fdb4816fa35fce71e158', 'edbb9ed3227134eac51009adb69a277a00038168401ff629aece3a443d7c1bb1']"
48,f7607423dee0b08a5f240553a01d215d748a2bf2b3abfc44b493163df8ca3245,['f7607423dee0b08a5f240553a01d215d748a2bf2b3abfc44b493163df8ca3245']
49,5aaa6ebd61be2db25de1a3d2c973cc92347253c441755e389c9378723e6f4917,['5aaa6ebd61be2db25de1a3d2c973cc92347253c441755e389c9378723e6f4917']
50,7ade12e26628fbb9be58b759b07c7c59716f1b4d3d3cd08b8076a3e2d8dada96,['7ade12e26628fbb9be58b759b07c7c59716f1b4d3d3cd08b8076a3e2d8dada96']
51,7675053ef2f7ec2b891c98e0e480ac4594b99ef30d9be36df9a919af64be6986,['7675053ef2f7ec2b891c98e0e480ac4594b99ef30d9be36df9a919af64be6986']
52,b22f1ff2a30bb1ce8f428be0cab7025322c26d303686d413462675d7e2e980eb,['b22f1ff2a30bb1ce8f428be0cab7025322c26d303686d413462675d7e2e980eb']
53,510bdbc0c6e9a82b366ed73b89a0b0f58cf457f7f0d9c0dc56ba1f10ef3a60e5,['510bdbc0c6e9a82b366ed73b89a0b0f58cf457f7f0d9c0dc56ba1f10ef3a60e5']
54,e35217c3005e87fc5c6a5684f7d7865b127e946283ee7d6cc3ddd8cd7d37f5d4,['e35217c3005e87fc5c6a5684f7d7865b127e946283ee7d6cc3ddd8cd7d37f5d4']
55,a30ffc1247f25b2c6798013d374aca61ccf240d8bf215558a7b78683666148fc,['a30ffc1247f25b2c6798013d374aca61ccf240d8bf215558a7b78683666148fc']
56,9321dbb6dd0f70ba5df2013b5692969de148edd04eb82d7c0c34d49c5ab2c9a4,['9321dbb6dd0f70ba5df2013b5692969de148edd04eb82d7c0c34d49c5ab2c9a4']
57,f10812bae1ddb1b1b92d00cbc990fe9bfeb756807ef04e0b467f7264d201a61e,['f10812bae1ddb1b1b92d00cbc990fe9bfeb756807ef04e0b467f7264d201a61e']
58,3d4b29c4b5cc5a832994e6497287603edab6d7c0a187f2c4ec0994152fff07f5,['3d4b29c4b5cc5a832994e6497287603edab6d7c0a187f2c4ec0994152fff07f5']
59,f859608714ff74a9f15be8229b69c1438c03ff920012940c4638669efcae2d2a,['f859608714ff74a9f15be8229b69c1438c03ff920012940c4638669efcae2d2a']
60,f038a961f9f402388f760e660674f8ca94ea74ab484633f9a9250d0bfd5e646b,['f038a961f9f402388f760e660674f8ca94ea74ab484633f9a9250d0bfd5e646b']
61,5e5a2b905d79d9dc93cbc699f42ad16917cf2dd71b4b554334d0e1c182b798db,"['5e5a2b905d79d9dc93cbc699f42ad16917cf2dd71b4b554334d0e1c182b798db', '5e5a2b905d79d9dc93cbc699f42ad16917cf2dd71b4b554334d0e1c182b798db', '5e5a2b905d79d9dc93cbc699f42ad16917cf2dd71b4b554334d0e1c182b798db', '5e5a2b905d79d9dc93cbc699f42ad16917cf2dd71b4b554334d0e1c182b798db', '306a65ad5fb44548ba7f72073bc82cac3427c2e69b76d6b9abf5828b21d15747', '5e5a2b905d79d9dc93cbc699f42ad16917cf2dd71b4b554334d0e1c182b798db']"
62,4a1b8a0fe2b0cce7f4f6c81af319dc9518a83fe2ece149f1ef8f6c81e5f9c577,['4a1b8a0fe2b0cce7f4f6c81af319dc9518a83fe2ece149f1ef8f6c81e5f9c577']
63,c7794a0334479228b45fc48fc3545c4b32648f6803be55b4ee61307922eb46ad,['c7794a0334479228b45fc48fc3545c4b32648f6803be55b4ee61307922eb46ad']
64,c9549d39a908011d2a6425e873ceb76ab4a9f669e4fd8a57d9609128ac0ec95d,['c9549d39a908011d2a6425e873ceb76ab4a9f669e4fd8a57d9609128ac0ec95d']
65,ddba225f2cfee0c8a3e9e3dec4cb8a7266dcceb2494aac00cd79043cc890098e,['ddba225f2cfee0c8a3e9e3dec4cb8a7266dcceb2494aac00cd79043cc890098e']
66,c88b064964217da04b96c989b469dc945f842c0c41b13576c8c1e4519cabe1d7,['c88b064964217da04b96c989b469dc945f842c0c41b13576c8c1e4519cabe1d7']
67,00f50907b6feeb8826725d6b7094876009e12b4d79a51a717f63190a0c2369bc,['00f50907b6feeb8826725d6b7094876009e12b4d79a51a717f63190a0c2369bc']
68,658de6e13b1ae6465d92e7fae093d9ab412dce82814528b0f978e4ab877c4dab,['658de6e13b1ae6465d92e7fae093d9ab412dce82814528b0f978e4ab877c4dab']
69,3800d8a432e9a93f78eb45aaf8665b9abbb3a9caa333e27e89f457e29be87e38,['3800d8a432e9a93f78eb45aaf8665b9abbb3a9caa333e27e89f457e29be87e38']
70,986f2bfe736b492c4fdfad9c781845d8e108741105c2ac0d140cf7595f813d74,['986f2bfe736b492c4fdfad9c781845d8e108741105c2ac0d140cf7595f813d74']
71,5b7702bbaa067e5fa30bb56e8bb8c857d87562b39c1049f3c8cc36542aaaec41,['5b7702bbaa067e5fa30bb56e8bb8c857d87562b39c1049f3c8cc36542aaaec41']
72,3802bb112ebc5ed4744fee09938ad08458c99da6346d170bc86cfa0c62ba49bc,['3802bb112ebc5ed4744fee09938ad08458c99da6346d170bc86cfa0c62ba49bc']
73,207e1642a05ddc106c2d7dc40181bf099405b34d0d05246c29f918bb36d26adc,['207e1642a05ddc106c2d7dc40181bf099405b34d0d05246c29f918bb36d26adc']
74,2f1d6ce0dac7903bfd50062a6a52d3d1e9069cf03b4082b472231a95a4bef501,['2f1d6ce0dac7903bfd50062a6a52d3d1e9069cf03b4082b472231a95a4bef501']
75,e799423e18b6d01baa9da758eace5f41037adf5458c7c3b09a3a7973739dcfc5,['e799423e18b6d01baa9da758eace5f41037adf5458c7c3b09a3a7973739dcfc5']
76,7d7b6997c4c617125e8dacae28eec88a4919ff0656cc8d73a28c12b3a57b4b16,['7d7b6997c4c617125e8dacae28eec88a4919ff0656cc8d73a28c12b3a57b4b16']
77,2f3ed714f6a6c51ca6f513fde15dec2606b9d8eb07b89d39ff600542e0d5cd71,['2f3ed714f6a6c51ca6f513fde15dec2606b9d8eb07b89d39ff600542e0d5cd71']
78,25eb3c0536fb42a627e0c5e01b3e2e8fd94501099ee1e9f34fe4b79bd56e417e,['25eb3c0536fb42a627e0c5e01b3e2e8fd94501099ee1e9f34fe4b79bd56e417e']
79,04023c93968d878682bd31e86e2326e260b560d09950405243cdf32db9b3380c,['04023c93968d878682bd31e86e2326e260b560d09950405243cdf32db9b3380c']
80,b3f7e1a90d5e04db4fabcd8252288680026dc0224da02744b3c83ea0060ad9ac,['b3f7e1a90d5e04db4fabcd8252288680026dc0224da02744b3c83ea0060ad9ac']
81,e14f9b4c98f9d56becd0bac67c0a09779371ea91c320b6ec26c1587aa4d1742e,['e14f9b4c98f9d56becd0bac67c0a09779371ea91c320b6ec26c1587aa4d1742e']
82,379efb3f21e076d295219fab5c6f4d10f3efa3cc38e5cf4fbbc8c12adc9da786,['379efb3f21e076d295219fab5c6f4d10f3efa3cc38e5cf4fbbc8c12adc9da786']
83,3d1d0e9f7897eb27c6696fb6c90451ce568ef499e948282ef96691ab78dcea2e,['3d1d0e9f7897eb27c6696fb6c90451ce568ef499e948282ef96691ab78dcea2e']
84,b2dbf395156a825a6837e6fd746c3f11cff2144513573cd1fe2b4b579fe9d517,['b2dbf395156a825a6837e6fd746c3f11cff2144513573cd1fe2b4b579fe9d517']
85,bb57dbbad3c747fc574a0970c480d46013f92c296f0534173581c2bed04d8238,['bb57dbbad3c747fc574a0970c480d46013f92c296f0534173581c2bed04d8238']
86,ef6c8e97b62eced1913df503667d49b9f5890cdb201be5d5d6c304af1d3f5db1,['ef6c8e97b62eced1913df503667d49b9f5890cdb201be5d5d6c304af1d3f5db1']
87,7a128b0242d89d327fc2c273199c7529a31477d8ea949e5176b2a4eb69b74464,['7a128b0242d89d327fc2c273199c7529a31477d8ea949e5176b2a4eb69b74464']
88,b2bab595112517e8b6a06aa9f616272b479e57e21b4da52877ddf385316aa19b,['b2bab595112517e8b6a06aa9f616272b479e57e21b4da52877ddf385316aa19b']
89,0e03f2430902983896bab6c573b52f963ad3c8401a7872bf3949f9685f7b9606,['0e03f2430902983896bab6c573b52f963ad3c8401a7872bf3949f9685f7b9606']
90,65255d09da74d07096f4910300f048844ddbcdfd0a4a4a21c182f89cd4200014,['65255d09da74d07096f4910300f048844ddbcdfd0a4a4a21c182f89cd4200014']
91,0fb176f926b77a9fa90a736ffc04d31ae249ebdd4bdfdc29f26638b628ffdae4,['0fb176f926b77a9fa90a736ffc04d31ae249ebdd4bdfdc29f26638b628ffdae4']
92,26dcf16d505f6580e629119c5fc3ec15c3c85cfe8f09bd51a4833418c204f6eb,['26dcf16d505f6580e629119c5fc3ec15c3c85cfe8f09bd51a4833418c204f6eb']
93,ba89d4562d4d7e37191883791f7bc37d2f4e2aa68103ffc0347c05837faa6d47,['ba89d4562d4d7e37191883791f7bc37d2f4e2aa68103ffc0347c05837faa6d47']
94,5aa4d07bab7fa0b21c27c9fe10e64b4520a540e927fad7c959bcb556eb934bb4,['5aa4d07bab7fa0b21c27c9fe10e64b4520a540e927fad7c959bcb556eb934bb4']
95,32c3c729adbdd192003c1b30282e6a6f016d24d12d55ed6cb01ff4679700ac9e,['32c3c729adbdd192003c1b30282e6a6f016d24d12d55ed6cb01ff4679700ac9e']
96,f6cb9b3ac1f6dcc2ba4d5d9c8ea3800cdd2838b3479ff153f50ad79985884b84,['f6cb9b3ac1f6dcc2ba4d5d9c8ea3800cdd2838b3479ff153f50ad79985884b84']
97,e7631f2e675721dc92acf5402e334628b07e44893a1434723147beeca1f07081,['e7631f2e675721dc92acf5402e334628b07e44893a1434723147beeca1f07081']
98,3032d11e124e67f11642d2b58549eb335c4edeb343654db741ea4d009d5c0815,['3032d11e124e67f11642d2b58549eb335c4edeb343654db741ea4d009d5c0815']
99,776be55ffca95bea3f728f0d25be896018d8511d818ea2805add1c0c26c2bc66,['776be55ffca95bea3f728f0d25be896018d8511d818ea2805add1c0c26c2bc66']
100,a33ac03bb3d4f3f5a478c046ad9ae20da3c58d9486a7a893c81f3bb11d4d8f4b,['a33ac03bb3d4f3f5a478c046ad9ae20da3c58d9486a7a893c81f3bb11d4d8f4b']
101,656072f79a789e02e494cd649f7d726363043e1b3f0560254d217950e424ba0a,['656072f79a789e02e494cd649f7d726363043e1b3f0560254d217950e424ba0a']
102,5065c500049b524cd760e43badaf6de67cf533fdfb7a966b29b4acd48806501d,['5065c500049b524cd760e43badaf6de67cf533fdfb7a966b29b4acd48806501d']
103,da814f74abb6fa3f88cffd1008d2e2370d5f38cd97d8e7591b5616d3a60940dc,['da814f74abb6fa3f88cffd1008d2e2370d5f38cd97d8e7591b5616d3a60940dc']
104,d1fd7abddd68278994cd2e69dec61742fa5dd999432386871e6b736195517a9a,['d1fd7abddd68278994cd2e69dec61742fa5dd999432386871e6b736195517a9a']
105,d8124d85f37c0463fbda5e22a9609c3fa11423619f5469b7b616770dc2262420,['d8124d85f37c0463fbda5e22a9609c3fa11423619f5469b7b616770dc2262420']
106,a1917d397836f683d9f4cf5c8ed94607436a4b107a6c34725ef47ca70cd79c8b,['a1917d397836f683d9f4cf5c8ed94607436a4b107a6c34725ef47ca70cd79c8b']
107,4b201afefdea600c6870dc3bb6f33270911c6d64ef5ddb08b9db947cc427dfb6,"['4b201afefdea600c6870dc3bb6f33270911c6d64ef5ddb08b9db947cc427dfb6', '022c6c876d93c3df877872fbd6690ac03121bbc84819fa032053fe753a9a24de', '631a198c01cb35ee8037579c13c215d3efc04074ceea9376d47aa9fe054ea54c', 'cc8175b301e1a832b815792c119fcdb326f681f4a95379bbc8ed4919e6df25c7']"
108,cc8175b301e1a832b815792c119fcdb326f681f4a95379bbc8ed4919e6df25c7,"['4b201afefdea600c6870dc3bb6f33270911c6d64ef5ddb08b9db947cc427dfb6', '022c6c876d93c3df877872fbd6690ac03121bbc84819fa032053fe753a9a24de', '631a198c01cb35ee8037579c13c215d3efc04074ceea9376d47aa9fe054ea54c', 'cc8175b301e1a832b815792c119fcdb326f681f4a95379bbc8ed4919e6df25c7']"
109,2e6af156acdf0c9b9546f54831147c939e7afd538467957368ef71a4204503f6,['2e6af156acdf0c9b9546f54831147c939e7afd538467957368ef71a4204503f6']
110,2307dd44e9a6db4f82d2c691f9b54142dd5b661c85dbb3179db69fc73105fb29,"['11da1e4e83a8f84384f08eb441639d2bb86753a61c42193a1fd996b4fd5beab0', '1c6a1da44849fcdd9f4740988922fe0713bdb023659a050b9572031467124861', '1e6acf177afa4f76d8006c7f619b62de831c9e988c5c4adc9f167111a7710f3d', '2307dd44e9a6db4f82d2c691f9b54142dd5b661c85dbb3179db69fc73105fb29', '240beed9b462b2240a61ac641da91ae211ab9fdee640023f0c7a24c8a0331caa', '2cf4c5da101c9add7739c6b0996b65bcee1c8229ce47391ea6a2b562195a0a1e', '685f4450719b458971d38807d79b3ac25d8f644cda53f6e227f0c062320f6aeb', '77b25201c18cdbacbfdd2849c73ed781aec60244fdb72717efb519bfc5f5641f', '9871c3c611b01b3624bd35d28e67c63d7aa2c90128ea4f9c1727e295c21c263d', '9a5f903347920256ab6beace4b6bb8210c38e83afaa7a57b4b5e05b1b445d6ea', 'a4b09cb5b257a8742c24c09db75fca39b5c80739b19bee5942fa40efbb2a5bdc', 'a7f388fc7c71aadb439ccb42aa60893e6b1791ac804b3a95fa48cb2f283bc20f', 'b6eac796746aa0312b4ed9463cd3db7457be2f6468b4bb3b07c53c9e28d8d32c', 'bb568d3122df5809a084458af77c650ef20dffceafb615cd0f3830b03964edf9', 'c048a93db0fef08819c967ad570de56a01e05d14622745f50d4c1916692d9e1a', 'e919114b17b44956a81a3aaa98103584fa942c923b1d16c23e58d55a57cea337', 'eec8b2dabb90038e96d482b622f22e877cae5ff480500a43f5daccdaa909e4b9']"
111,eaa56cd9d1956d71c4bfb7f6c3f82c9361415b25b4cf2d7d24dfe7ab8dd3e05a,['eaa56cd9d1956d71c4bfb7f6c3f82c9361415b25b4cf2d7d24dfe7ab8dd3e05a']
112,614c7e666cfccff3ff6c57a5f08c6e45dea6cfe0b76afc60422a90a243d03e46,['614c7e666cfccff3ff6c57a5f08c6e45dea6cfe0b76afc60422a90a243d03e46']
113,5235f7c0ba973a7f77d9cc567a06b3bc18fb2dbfdec80bb7abb55f2ca43838b3,['5235f7c0ba973a7f77d9cc567a06b3bc18fb2dbfdec80bb7abb55f2ca43838b3']
114,dea57fe596cbc74122e073c6d78c257da7e92311afe4a4e9c1be8ae39a5fb786,['dea57fe596cbc74122e073c6d78c257da7e92311afe4a4e9c1be8ae39a5fb786']
115,5fa73dfc2dd6e8ebc8226119e0b2e142987402e0c4cffd4f46589ee98e4a807e,['5fa73dfc2dd6e8ebc8226119e0b2e142987402e0c4cffd4f46589ee98e4a807e']
116,0bcefc70a27d8998a12d01e422938b8cd4510212e4343054314ad57385321f45,['0bcefc70a27d8998a12d01e422938b8cd4510212e4343054314ad57385321f45']
117,8a530c7dd8aa275f0fdf131995ff50de95148fd130964cf2deb7d4b5865cc9e9,['8a530c7dd8aa275f0fdf131995ff50de95148fd130964cf2deb7d4b5865cc9e9']
118,dbfa1296e6877581f822caadb445e692ace725d34d168392553f9f45ce1879ad,['dbfa1296e6877581f822caadb445e692ace725d34d168392553f9f45ce1879ad']
119,f141a6379f7479cd9baaff65fa881e5f3bd14a64f7fa67d095d86b07a2dc6f85,['f141a6379f7479cd9baaff65fa881e5f3bd14a64f7fa67d095d86b07a2dc6f85']
120,320dacfc272bb9d687bb1ddaa4d01fb4098faf9cc30ba2c6c6e65b50062448b9,['320dacfc272bb9d687bb1ddaa4d01fb4098faf9cc30ba2c6c6e65b50062448b9']
121,90b619a19ee2769fd3f5e2df26e1868a89a556583dae9d0465604af09b0444dd,['90b619a19ee2769fd3f5e2df26e1868a89a556583dae9d0465604af09b0444dd']
122,a1b974a2e444b244aebad973da581fb6e21d063d252b18085707df1354ddfd8d,['a1b974a2e444b244aebad973da581fb6e21d063d252b18085707df1354ddfd8d']
123,23a7e7c9f6776fc6a4bb1c42620bc3d3be7114c06aeb976aca6bfd48744b819b,['23a7e7c9f6776fc6a4bb1c42620bc3d3be7114c06aeb976aca6bfd48744b819b']
124,8288eda2ebf6587fbd1d74c60686f48d0834896aa7e423c5da39292ccb79bef2,['8288eda2ebf6587fbd1d74c60686f48d0834896aa7e423c5da39292ccb79bef2']
125,14bacb335b7cfb2811068bef05898a42ff1a996151bb7d97e8eb6d422a8b6ee4,['14bacb335b7cfb2811068bef05898a42ff1a996151bb7d97e8eb6d422a8b6ee4']
126,da4c41e89e66bf854d6c18e5b69b9024a397e917989d881593acee155012f533,['da4c41e89e66bf854d6c18e5b69b9024a397e917989d881593acee155012f533']
127,c928efcd2106f0a5ae90b971377a815eee280168892ec6d98d9b3aa1c3f30372,['c928efcd2106f0a5ae90b971377a815eee280168892ec6d98d9b3aa1c3f30372']
128,3d79e8578e4e1bcea76167a21149c26867b9feae56c4d89ec62a206cc65583b9,['3d79e8578e4e1bcea76167a21149c26867b9feae56c4d89ec62a206cc65583b9']
129,b2a5d1b08bd19de538cd3188f7c7fec97a345762732f40fdae547f890f9deab7,['b2a5d1b08bd19de538cd3188f7c7fec97a345762732f40fdae547f890f9deab7']
130,696160d8573db1221576af3587d344a16998a1cddedd0ed689dc1ce1d9f607c5,"['b3553f59bdfcd7f8a5acca83ccd986446e6503b9b80708dd0312f5be5059b4dc', '696160d8573db1221576af3587d344a16998a1cddedd0ed689dc1ce1d9f607c5']"
131,2258bd4bba5538e945d9713059a8da8c686e8ae999dbfc1a47aba354b49aa37d,['2258bd4bba5538e945d9713059a8da8c686e8ae999dbfc1a47aba354b49aa37d']
132,7951117ae4a09fa24c0f88e4bf272905d04353bc34ac9bd0fabd005e7d01b65a,['7951117ae4a09fa24c0f88e4bf272905d04353bc34ac9bd0fabd005e7d01b65a']
133,b8cca46643b205bc0e7e9cd6498c74d967168561a4678889a0dc1d48fbb802d1,['b8cca46643b205bc0e7e9cd6498c74d967168561a4678889a0dc1d48fbb802d1']
134,39540cc2dca2aa66445acb135a856e594658fcfb3a2882851e25f4fb433a0ed1,['39540cc2dca2aa66445acb135a856e594658fcfb3a2882851e25f4fb433a0ed1']
135,c575cef88eca772a3e7397491f115a408773cba38bd50af73026db0029f3bf78,['c575cef88eca772a3e7397491f115a408773cba38bd50af73026db0029f3bf78']
136,9cf0fad88f9f6d553adb06d0dfafc67248fa51d8de208fe79cddaa4642163ed8,['9cf0fad88f9f6d553adb06d0dfafc67248fa51d8de208fe79cddaa4642163ed8']
137,8264a951ac5eff6325a6f363c2bc0c3024ca532a14f26e64dfb996938320e148,['8264a951ac5eff6325a6f363c2bc0c3024ca532a14f26e64dfb996938320e148']
138,74cfbccb63702d394ed45b62f873477340f9766bc033be3bbda0406b876c5d72,['74cfbccb63702d394ed45b62f873477340f9766bc033be3bbda0406b876c5d72']
139,8408671c93f4ef72eab4c4c2e10eaca1670864f09e5aecfb7152c3741d9058ec,['8408671c93f4ef72eab4c4c2e10eaca1670864f09e5aecfb7152c3741d9058ec']
140,ed4876d42a6898a5407f2ac90abdc0cdd50f71583032852379315716f5069800,['ed4876d42a6898a5407f2ac90abdc0cdd50f71583032852379315716f5069800']
141,46d412ce2fee194ca7b76b628aae9ae8ae92d27e19119047a6ca9e4956d58e91,['46d412ce2fee194ca7b76b628aae9ae8ae92d27e19119047a6ca9e4956d58e91']
142,8af377ee54aa68ca6bba450e32fcc6d7fccd867febb8110611485d4ec91ab845,['8af377ee54aa68ca6bba450e32fcc6d7fccd867febb8110611485d4ec91ab845']
143,4c2332e5306e92b81851522f2e413fa6af86a5e5872e43db4fbd4dc2f71f8e9f,['4c2332e5306e92b81851522f2e413fa6af86a5e5872e43db4fbd4dc2f71f8e9f']
144,bde5868be61f4267e6c5c4b9a7f77a8691e9f12f0a91d024d5c04c730ff7f623,['bde5868be61f4267e6c5c4b9a7f77a8691e9f12f0a91d024d5c04c730ff7f623']
145,4dcd6f87439b2aead18f613a6edc7d9173d374620d679e96523f12d6e7e33c0f,['4dcd6f87439b2aead18f613a6edc7d9173d374620d679e96523f12d6e7e33c0f']
146,26bb108ed983f3f919ec267a25ca60f977db36fb17524a07700b8c23023ce236,['26bb108ed983f3f919ec267a25ca60f977db36fb17524a07700b8c23023ce236']
147,1b98f74b90334e3d600a20154f79f09120d20ab496a24907b08797554dbc3b42,['1b98f74b90334e3d600a20154f79f09120d20ab496a24907b08797554dbc3b42']
148,373c0b4d9c85f93b4c11ee73f074ff0a4649b62cfc96259d5bc1c0aadc9a4ecd,['373c0b4d9c85f93b4c11ee73f074ff0a4649b62cfc96259d5bc1c0aadc9a4ecd']
149,601485d104f104564d28aaf08a9ff690f8ca42342d064306e3ee4847fcbf4ac2,['601485d104f104564d28aaf08a9ff690f8ca42342d064306e3ee4847fcbf4ac2']
150,eb480b9b0bf993b5057a6ad57de13745370962a89e6c2a7f6e708ce3eb8f3f1e,['eb480b9b0bf993b5057a6ad57de13745370962a89e6c2a7f6e708ce3eb8f3f1e']
151,3bc8e779b71446c47de1f18661ab82a08cec5fdd06f296ff5ce1e5d8b08d585c,['3bc8e779b71446c47de1f18661ab82a08cec5fdd06f296ff5ce1e5d8b08d585c']
152,cab63149fcb63dc0124094cede3ec950fc2de1f65f07ccb90215d9ab1aafe613,['cab63149fcb63dc0124094cede3ec950fc2de1f65f07ccb90215d9ab1aafe613']
153,03b7c66c8b37e07fc81ce854c1f803c2f571641d2c1b7f482f71bb4cf465d223,['03b7c66c8b37e07fc81ce854c1f803c2f571641d2c1b7f482f71bb4cf465d223']
154,c71d6b9350d2ec6f7e4cd243006841e36eb32f412763659ac13cae63a2ce304e,['c71d6b9350d2ec6f7e4cd243006841e36eb32f412763659ac13cae63a2ce304e']
155,973a8a454bafcf2c817e9bf81a640e337b8c380703cdc525fee390800152c435,['973a8a454bafcf2c817e9bf81a640e337b8c380703cdc525fee390800152c435']
156,fc02f204cb5c562520eaeba12cbacf08fc1ca8f69ffdcf18eb37ad264080f92a,['fc02f204cb5c562520eaeba12cbacf08fc1ca8f69ffdcf18eb37ad264080f92a']
157,dfd6ec035a11ed61817c3e1be6bb5db75b9cf06ebb1319ac7911b58f996b414b,['dfd6ec035a11ed61817c3e1be6bb5db75b9cf06ebb1319ac7911b58f996b414b']
158,e5481da4f4bd363a722acc2d5046d70af2f225c9eb6fa4bfe220151a54f1186f,['e5481da4f4bd363a722acc2d5046d70af2f225c9eb6fa4bfe220151a54f1186f']
159,fd679916d2d25ceefb92bd358cac6d3ba83c9b90dc42927dddf5a964b3b2651c,['fd679916d2d25ceefb92bd358cac6d3ba83c9b90dc42927dddf5a964b3b2651c']
160,7f0b503c95e3e8c4122a6171b01d479d97e23fbaec396d2fb38a4d20a91eb805,['7f0b503c95e3e8c4122a6171b01d479d97e23fbaec396d2fb38a4d20a91eb805']
161,1fa30639e53d97a1a9a108fb23cab64bc1699b8ad6a89af9f6b127144f618380,['1fa30639e53d97a1a9a108fb23cab64bc1699b8ad6a89af9f6b127144f618380']
162,70f173e5a23317d38f3db7dec9036f3b8faf8ccdf157dd4379d41745f175174c,['70f173e5a23317d38f3db7dec9036f3b8faf8ccdf157dd4379d41745f175174c']
163,c4c56c6d57021e7bd09be0c74722648753149ba204ed591c6a9c6a6ec38a7d5e,['c4c56c6d57021e7bd09be0c74722648753149ba204ed591c6a9c6a6ec38a7d5e']
164,299fb5bbd7a325f61bc4cf6622919defe6db67df157290e3566695d05f150b9a,['299fb5bbd7a325f61bc4cf6622919defe6db67df157290e3566695d05f150b9a']
165,229c26016ef574e8df7395ecee0616ba16fbdcd84778f69d54b241309dd1bedc,"['a23c0a2346ee8869cba13e623e3866ad3c6892e875d1fd04e08d8f088fb3a803', '229c26016ef574e8df7395ecee0616ba16fbdcd84778f69d54b241309dd1bedc']"
166,455896b6c1769daa9a225abbeed02f0155f0c4a485e7b969552b862eededfcfe,['455896b6c1769daa9a225abbeed02f0155f0c4a485e7b969552b862eededfcfe']
167,9390de5c5092efacd4096614bbc9f0bebaa701ac5218e06e4d7efc5cfc8195cc,['9390de5c5092efacd4096614bbc9f0bebaa701ac5218e06e4d7efc5cfc8195cc']
168,b569a33bd411c5892df5af8738995d88fa9cc24e53b2c217a7ab2de62df41e1f,['b569a33bd411c5892df5af8738995d88fa9cc24e53b2c217a7ab2de62df41e1f']
169,3e6d99b2768263e112b160a83275af29e221ae067b0e2870e04dc5637ac9b813,['3e6d99b2768263e112b160a83275af29e221ae067b0e2870e04dc5637ac9b813']
170,028e3f703155a7c7f1c8676cea17fc94ce82cbc5a226b0d5028b01bb87c2cc1f,['028e3f703155a7c7f1c8676cea17fc94ce82cbc5a226b0d5028b01bb87c2cc1f']
171,bc1ebabfbbc85afe2249e3450b50b79ba96ba7d8ea411edc5d98f7c5ca78f422,['bc1ebabfbbc85afe2249e3450b50b79ba96ba7d8ea411edc5d98f7c5ca78f422']
172,37d332544f2597e85f0fbdf8a6d06328fe82e4228c385d7d69801a310ad95fd4,['37d332544f2597e85f0fbdf8a6d06328fe82e4228c385d7d69801a310ad95fd4']
173,cf1ef19351348a04f7e95255d6c7a117b79fa7b490a8934f2a6b015ce4ebae8f,['cf1ef19351348a04f7e95255d6c7a117b79fa7b490a8934f2a6b015ce4ebae8f']
174,de238be6f702c486ee9d66ed0dc0c3dae73d3939557f9b70ae197a2cdb260669,['de238be6f702c486ee9d66ed0dc0c3dae73d3939557f9b70ae197a2cdb260669']
175,39e2739e0422b5da424c9b47a770200201b09f1cae87ba5dbfc3131317793564,['39e2739e0422b5da424c9b47a770200201b09f1cae87ba5dbfc3131317793564']
176,4facba80bf31a3e602da4aece5572254a445a45d4e9f2b71de280eaee25e8337,['4facba80bf31a3e602da4aece5572254a445a45d4e9f2b71de280eaee25e8337']
177,d797fe2b4a4d3acc1f2cfa0a5d3720045512c4ba1a8022fea43fac0b8b03e2a0,['d797fe2b4a4d3acc1f2cfa0a5d3720045512c4ba1a8022fea43fac0b8b03e2a0']
178,e0b76eeaf52d8502c99ec8d514471d485950625bec219bff577e9692cd1e824a,['e0b76eeaf52d8502c99ec8d514471d485950625bec219bff577e9692cd1e824a']
179,413c136dbb29838031f561f0d721835391ae495ec83db1fcc02775d3cf6361fc,['413c136dbb29838031f561f0d721835391ae495ec83db1fcc02775d3cf6361fc']
180,f466476b4da7bfb1167c9f3403fe97fcdaff55185b5c833052140cb413308734,['f466476b4da7bfb1167c9f3403fe97fcdaff55185b5c833052140cb413308734']
181,81bef2304ab20f067af320c91209e46f064279f13b074fd8d0fdf79eaf796560,['81bef2304ab20f067af320c91209e46f064279f13b074fd8d0fdf79eaf796560']
182,c01393a5c2e62f1d994afa69a5d966f7058edf4c56d34715e8c8f961e9ab0c71,['c01393a5c2e62f1d994afa69a5d966f7058edf4c56d34715e8c8f961e9ab0c71']
183,60a3a9b56a64db1b84743194a3317dc7a2378fce1e6cbd6a20c7abaaf9528dd5,['60a3a9b56a64db1b84743194a3317dc7a2378fce1e6cbd6a20c7abaaf9528dd5']
184,a23c0a2346ee8869cba13e623e3866ad3c6892e875d1fd04e08d8f088fb3a803,"['a23c0a2346ee8869cba13e623e3866ad3c6892e875d1fd04e08d8f088fb3a803', '229c26016ef574e8df7395ecee0616ba16fbdcd84778f69d54b241309dd1bedc']"
185,ca921c1abf7fa27d1d9988c1f4615c264daf45e454122a3a8824d89b6684280e,['ca921c1abf7fa27d1d9988c1f4615c264daf45e454122a3a8824d89b6684280e']
186,b005641e2640c03934699e505a09e3986c8e5060117b2cdb602104c9b4aa624e,['b005641e2640c03934699e505a09e3986c8e5060117b2cdb602104c9b4aa624e']
187,eb40f0bb145111f8d38cef301219e27a5a2a8b7f18aa46e0855f2da6ffb18a8e,['eb40f0bb145111f8d38cef301219e27a5a2a8b7f18aa46e0855f2da6ffb18a8e']
188,d79a722e5bc28ccf8d1db291ab8169761fbe8fcac94b955053c886aa0df7e295,['d79a722e5bc28ccf8d1db291ab8169761fbe8fcac94b955053c886aa0df7e295']
189,97a4d429109c6f23149c5f80f5f6c6cff738f5a62e457632d8eddfef792b5041,['97a4d429109c6f23149c5f80f5f6c6cff738f5a62e457632d8eddfef792b5041']
190,920714ae2a078faa84025dade3cefba0ed567f7cc36a3c156de638c3fc2a7359,['920714ae2a078faa84025dade3cefba0ed567f7cc36a3c156de638c3fc2a7359']
191,1e5aa6ba9403e39b97738bf51c65e85635faeabf7a5245a464e7d05496e1bb21,['1e5aa6ba9403e39b97738bf51c65e85635faeabf7a5245a464e7d05496e1bb21']
192,01513679892f7ce80b4262f17746fd537486dd19dbc7e93e02f122c6d3b76d01,['01513679892f7ce80b4262f17746fd537486dd19dbc7e93e02f122c6d3b76d01']
193,805902719d02e118ccc54e184a841c04dbb14c1fd1cef82de172cbd6f9b6adc7,['805902719d02e118ccc54e184a841c04dbb14c1fd1cef82de172cbd6f9b6adc7']
194,c103dd8861b271451663d2e8316d52f81ef0e47a2e6a2dee3f7fc7dad41e38d5,['c103dd8861b271451663d2e8316d52f81ef0e47a2e6a2dee3f7fc7dad41e38d5']
195,1f090950501411e451cdb634f190f991442fb9a2f7b5f4e7604c5c5429f977ef,['1f090950501411e451cdb634f190f991442fb9a2f7b5f4e7604c5c5429f977ef']
196,e8d792ef1887ba96de878ad1f568a42414fd2bf423a30a5f5019571811110b8e,"['00af84602f12629ea60b54b3182740d3ec6a1a06b3519d61f60bdb06c0db454c', '342a74a9696c6ef02c0691542c802297a99a215797d23241ae852ff5a62626ba', '4dc993d7aaece52b5f42f9870bb7dd62504abddde65539e13985ade51b1e85c7', '53c66b625c8190f01894c61086a2b27682747ad8dbfbe6e48443af098eb8e3b9', '71dacbd8fed8ae32f425622a740efc893af5b6c24f242cbfc69844d459ce8c8e', 'b3bc623ffc1c10c915ed85e5a29d506bdd97af2b3a264e8a204d9228423b9939', 'c2f590b5929ee4aa11a9306471f45a816659263444650a3c27bfc3267ac07839', 'c6f5af58b1dc549f86fe35e95e631eb58e74afff40d6293343873284982c3825', 'e8d792ef1887ba96de878ad1f568a42414fd2bf423a30a5f5019571811110b8e']"
197,05d87ab23e1cd2dea1f90a981d3654f512e75e9fd92b66aaee5f182be43721ff,['05d87ab23e1cd2dea1f90a981d3654f512e75e9fd92b66aaee5f182be43721ff']
198,2d1c610f0a301505f7435e23ffd36a47065b3e9c00355b177293e9e541950dbd,['2d1c610f0a301505f7435e23ffd36a47065b3e9c00355b177293e9e541950dbd']
199,6ffce7dd0144aba623607e6b37d729b3756e0f7b80fcd6e323cc83d8f4ea3d11,['6ffce7dd0144aba623607e6b37d729b3756e0f7b80fcd6e323cc83d8f4ea3d11']
200,27556bedc1b7cb7d217cd05124bf3fba84805c021960531d7139cea6bd823e5e,"['27556bedc1b7cb7d217cd05124bf3fba84805c021960531d7139cea6bd823e5e', 'c986f3e2aba1571bc35ccb5c93ffd628608e175cf755f5205a68e658ebfc07de']"
201,c986f3e2aba1571bc35ccb5c93ffd628608e175cf755f5205a68e658ebfc07de,"['27556bedc1b7cb7d217cd05124bf3fba84805c021960531d7139cea6bd823e5e', 'c986f3e2aba1571bc35ccb5c93ffd628608e175cf755f5205a68e658ebfc07de']"
202,23533dfa89179166d7e31ddbe242b7d1693d593b572c80fa876eb50fbe83536b,['23533dfa89179166d7e31ddbe242b7d1693d593b572c80fa876eb50fbe83536b']
203,67ea1aa580503cad613b596a6a4dafe7a54e85c68eb058f8ede1a4aeac0df1e8,"['67ea1aa580503cad613b596a6a4dafe7a54e85c68eb058f8ede1a4aeac0df1e8', '9d7a4da77e47f3cd3dc6787225b68b36219851fcbbefde90112ad102bcbab719', 'ce55a05d179a37797beb72ed0c162433ffabeacfe38083ae0a18658e2351a850']"
204,9588426d00eb464e172eed87afd4794b37ff09ab22b330173442112bda9fb9a8,['9588426d00eb464e172eed87afd4794b37ff09ab22b330173442112bda9fb9a8']
205,837b1c316dcc75fb3f869c83d604bad93aaac31fdf97dab55882e1836236d3c6,['837b1c316dcc75fb3f869c83d604bad93aaac31fdf97dab55882e1836236d3c6']
206,cc50078ea09c9b9cd28eece63549f12d5d3e11781803c3be395d8ca86950a4d1,['cc50078ea09c9b9cd28eece63549f12d5d3e11781803c3be395d8ca86950a4d1']
207,626749afd66133e12811ceea43676eb8b6f4c8c37b7d33c6eb31c38cfde221ec,['626749afd66133e12811ceea43676eb8b6f4c8c37b7d33c6eb31c38cfde221ec']
208,0f0532cfccadb0c299ae1e1ec8173f6fcd1a9f8a2b1c250e95d431e157fa17b0,['0f0532cfccadb0c299ae1e1ec8173f6fcd1a9f8a2b1c250e95d431e157fa17b0']
209,1965db8f2cd09a9f826cf918399ac1643cb7d52a3f878726d97133f878dd58ee,['1965db8f2cd09a9f826cf918399ac1643cb7d52a3f878726d97133f878dd58ee']
210,562f89c5f7d08b31646f86825b0b572fb2701ac17da9c103a55230eaad52030c,['562f89c5f7d08b31646f86825b0b572fb2701ac17da9c103a55230eaad52030c']
211,8dcacb3535d2847db69ac3d35c28e457f1980936ad1c8a2fe2039d6b4646d32c,['8dcacb3535d2847db69ac3d35c28e457f1980936ad1c8a2fe2039d6b4646d32c']
212,52be07a295af2e1ce613523a23247852cabe7a7a51fa2e5510ba277bd51bf92b,['52be07a295af2e1ce613523a23247852cabe7a7a51fa2e5510ba277bd51bf92b']
213,b305d53649846233191865d322cfb4809f0f09e07a8f9b5d08e8163bfa0e5620,['b305d53649846233191865d322cfb4809f0f09e07a8f9b5d08e8163bfa0e5620']
214,2c43203019dc4e895a5ebec547d2aebabf763aa4715071069a9d374b420c01ce,['2c43203019dc4e895a5ebec547d2aebabf763aa4715071069a9d374b420c01ce']
215,36c2ef6410512964dd4add4a5acd2746a89b411c93434b62304b4d3890ce2c0c,['36c2ef6410512964dd4add4a5acd2746a89b411c93434b62304b4d3890ce2c0c']
216,68cd3787c923cd31058bff71a95b5ec5e8284b793db1f310d0da392ab2c53c6c,['68cd3787c923cd31058bff71a95b5ec5e8284b793db1f310d0da392ab2c53c6c']
217,973e5adb05cc1cb80cabc5e451200333c993034153a078733ec06af7bf3c860b,"['973e5adb05cc1cb80cabc5e451200333c993034153a078733ec06af7bf3c860b', '973e5adb05cc1cb80cabc5e451200333c993034153a078733ec06af7bf3c860b']"
218,8686bd8f538072605271d3c44cd732c1427fa79ae5c1007738faa5c5f7ee8700,['8686bd8f538072605271d3c44cd732c1427fa79ae5c1007738faa5c5f7ee8700']
219,1389075df297fe1aeb20733114136350cedce96d127e110b03b58fea14b8ac53,['1389075df297fe1aeb20733114136350cedce96d127e110b03b58fea14b8ac53']
220,5020eb1f7ede396797937dd7269d587f61b6cb1568f32f267189aabb38512bea,['5020eb1f7ede396797937dd7269d587f61b6cb1568f32f267189aabb38512bea']
221,9d9f8160f839a0a7941882e5199be04e75b210c4d59392ac0a12fe52866f0a04,['9d9f8160f839a0a7941882e5199be04e75b210c4d59392ac0a12fe52866f0a04']
222,a974412b162f80409c6ddb06ca43ae9bbcf8dc7ec6ea59eee14657e01c41750f,"['90dc91a7a9fc0c287755cb400dc54d564f7eb546a3a95d8d1bac93935ff334f8', 'a974412b162f80409c6ddb06ca43ae9bbcf8dc7ec6ea59eee14657e01c41750f']"
223,d5be9a83a5f26d68f1066279a4233e94f2a111d71b9366eb9e0f88a1b4d57a10,['d5be9a83a5f26d68f1066279a4233e94f2a111d71b9366eb9e0f88a1b4d57a10']
224,d3de5a09c8642fff3c66347731dab034baa8145c1a3546cf28866e41205b276e,['d3de5a09c8642fff3c66347731dab034baa8145c1a3546cf28866e41205b276e']
225,63af1bd45e2cf2f038ab03ee331ddc90df4d2d0346637651862a90c80d5bb266,['63af1bd45e2cf2f038ab03ee331ddc90df4d2d0346637651862a90c80d5bb266']
226,60e8cc03abffa8536d5364c747536a3f4eb738ebdf31a01badda5ed9b9fb00b2,['60e8cc03abffa8536d5364c747536a3f4eb738ebdf31a01badda5ed9b9fb00b2']
227,3a91b94f54ad992934e23b19e48c6e3af6326c61da9cceb711254a278cd437f9,['3a91b94f54ad992934e23b19e48c6e3af6326c61da9cceb711254a278cd437f9']
228,c58d3ac9a8e15ad8c5f24b27acb9255d02112b695c97bd286992d62debb27f72,['c58d3ac9a8e15ad8c5f24b27acb9255d02112b695c97bd286992d62debb27f72']
229,ce0446a938dd0a40b070015786e083903abca71185900cc8e8349810601a872f,['ce0446a938dd0a40b070015786e083903abca71185900cc8e8349810601a872f']
230,309a52f2687e22453e81bc411d12ddc53be1912188610c6d51842fa2fb05d41e,['309a52f2687e22453e81bc411d12ddc53be1912188610c6d51842fa2fb05d41e']
231,d01e169db352da7a35a088bd1156fe6f7904ee8fb5b23da9f54912cdc9a72230,"['c88e3396db266074fa263751e173b42563c17b1acb0dfc80b95f78ed6ddf22cb', '96a7d6516258d8964c1914abaa74125bafa4cd1cdedeafa69dffc1c665c54f50', 'dd459d4a3be25e446af3ce10595142688b6a96a2538ea1f8b122797042ed2144', '8765ec0ddde364b5bf0169358bef64641762568986c2b32354fcc69b33f17d06', '913aefe2cefcbc505af0da98055eacc6003a506e57d1e7080fa6ba19f676bf92', '11a50ca9343ac67c6ddd0655cf65fc0cdbead1072a0ac1399f0a770eee344335', 'f6c1f69fc974080d2524b3921effd621d20ba39ddc70a227cf2382190869ac78', '0e6fb8c6796d3b9333950f9a631108202718b0ae7c1693c1e24b6bd0cbc2b126', 'fb8106492cdcb28d8f2b335ccc56582e00aa3c782610a9056d34209fb52b4dae', 'b94e55cd10f0d15eb7b2ff3d753fa2866a099e50c7c01fe01595a9a6b4c9c153', 'cab7cdf717d2674e234476752a924e4b8231395a06a00ea81363cbbe74e00397', '9fa72e8b4fb4f2bed6fe56d29a8419ea652da788a916f7b2cc54c66a3fc97898', 'de2cc8213ef761fac2b715bb30643203845508eda0fa655c8f58f47851a0bafc', 'ab289e7b21bde3a6447463ed055b87c0573034bf704ba40e07bc2ec36b7aa600', '3808fe03478840074855c608e290b8cce30b78ed06c259b34259a54c8073f818', '4bb2523e0cc3495274ac43366ad8ed326c4e21697a64ee40078a2a85f96fb3f5', '60449a00343ef019ca220458f45bcbc7d7f974650279424f7ef696b86a6f2267', 'd10f1bd6dc5b64693701b94f5dee84443655522d16cb98767afb538b0c63ff5f', '8e9729b974028921c0e0472877e88270b8571108d0968f68fe1afb9280d1e1dd', '96cabe6b389bc9ab371aa35fcf631653c15efcf08aaae7e0bb36553e1fd4673e', 'afac8c50367f320016f0775e52be5e1502303f0a0d941044631e66a0931edfba', '69dfa3fa755c98b4e0ef1e4c42a83afd77c9b3e59bcb5fc41f010f5da853d3a5', '25d550c283b7b324728d44a44c048e02d6140bf7baab6a308ec34fdeb8f3401b', '89ced94dbb70de5283bf2ee7baa074ede31d4323e306517c4724a573aa395cea', 'd01e169db352da7a35a088bd1156fe6f7904ee8fb5b23da9f54912cdc9a72230', '24c7f09c87a6b9a51706a58528ad081133435bad518dd3b1dcc0aec10f1b5c1b', '9ca6b5162863ecc9bbf3130c22756cd3c1830bf11cba6ceebe3219c9a4416e5f', 'befffb9dc16fcdc5cff3a0626d05f16c9c4dbe0416c915ed807510d51a522551', '9f16f04920ea92bf5e7f71a008bb69d4111c57d2682298a8412cff1c222f0445', '2aab50939d088ede8912d3b0a27cff6b0149f4ff6088febe435b80136e646781', '212c710abac5bd266ea689823869ea540d3215c8f55c554c8818d9182506ce4a', 'aa314e1a748d142ecc033ef6df87cd2baa86b106100e9fa1e7df106424396406', 'bec4def8674f9d50dfa0b587bab8506a15e17ba6fd53c0c5e9a81b7333579ff8', '94304485935776bc7914b0c027a2a2d7a1b3754ef7543817825aed86fd306ad9', '7b2ca578377716f53ef6ad3c45a4e049d03241224a0d446c0fcfef4229b1d38f', '3b5376f0dbcbf0b6e652c6cc02d1b922020f99cd1c4bdd69eb274a72bb8415a8', '6c34ceb988741dd7bfb0dec33f2549b0846be53de004a76c7acde93e1590092b', '1c7580029a0aa92b15ab22c37c7f36df3ee1e1568008f5fb2e0b5e399bf43e3d', 'f605d5466c943d214b900d2373f88f516adaf9cd421720e244cea666005e692b', '27fe8a00bc8521c4b44d8228fea29d61f5ca8bcf914a103ae0e481f31c7abeda', '6e855ec6e6ca734855613ca48fc15938d6a633f1c8e05cc1fe871f06694c8fa5', 'e32ab090ad25823063959557cf4d81d8140829c0554a41f520876deac0ef233b', '8a1aaa01dde97b571cad7bfea35c46d9891014df93b3001bd4019f9f10d626f5', '078529be4d038a6d0f63a9cd20f34fbeca2d0153014a01f05e8cf7ebaa597772', '09763097c50ff63d550da0885a1e13df079d3d3daf817be9a0f84983bd949292']"
232,7b2ca578377716f53ef6ad3c45a4e049d03241224a0d446c0fcfef4229b1d38f,"['c88e3396db266074fa263751e173b42563c17b1acb0dfc80b95f78ed6ddf22cb', '96a7d6516258d8964c1914abaa74125bafa4cd1cdedeafa69dffc1c665c54f50', 'dd459d4a3be25e446af3ce10595142688b6a96a2538ea1f8b122797042ed2144', '8765ec0ddde364b5bf0169358bef64641762568986c2b32354fcc69b33f17d06', '913aefe2cefcbc505af0da98055eacc6003a506e57d1e7080fa6ba19f676bf92', '11a50ca9343ac67c6ddd0655cf65fc0cdbead1072a0ac1399f0a770eee344335', 'f6c1f69fc974080d2524b3921effd621d20ba39ddc70a227cf2382190869ac78', '0e6fb8c6796d3b9333950f9a631108202718b0ae7c1693c1e24b6bd0cbc2b126', 'fb8106492cdcb28d8f2b335ccc56582e00aa3c782610a9056d34209fb52b4dae', 'b94e55cd10f0d15eb7b2ff3d753fa2866a099e50c7c01fe01595a9a6b4c9c153', 'cab7cdf717d2674e234476752a924e4b8231395a06a00ea81363cbbe74e00397', '9fa72e8b4fb4f2bed6fe56d29a8419ea652da788a916f7b2cc54c66a3fc97898', 'de2cc8213ef761fac2b715bb30643203845508eda0fa655c8f58f47851a0bafc', 'ab289e7b21bde3a6447463ed055b87c0573034bf704ba40e07bc2ec36b7aa600', '3808fe03478840074855c608e290b8cce30b78ed06c259b34259a54c8073f818', '4bb2523e0cc3495274ac43366ad8ed326c4e21697a64ee40078a2a85f96fb3f5', '60449a00343ef019ca220458f45bcbc7d7f974650279424f7ef696b86a6f2267', 'd10f1bd6dc5b64693701b94f5dee84443655522d16cb98767afb538b0c63ff5f', '8e9729b974028921c0e0472877e88270b8571108d0968f68fe1afb9280d1e1dd', '96cabe6b389bc9ab371aa35fcf631653c15efcf08aaae7e0bb36553e1fd4673e', 'afac8c50367f320016f0775e52be5e1502303f0a0d941044631e66a0931edfba', '69dfa3fa755c98b4e0ef1e4c42a83afd77c9b3e59bcb5fc41f010f5da853d3a5', '25d550c283b7b324728d44a44c048e02d6140bf7baab6a308ec34fdeb8f3401b', '89ced94dbb70de5283bf2ee7baa074ede31d4323e306517c4724a573aa395cea', 'd01e169db352da7a35a088bd1156fe6f7904ee8fb5b23da9f54912cdc9a72230', '24c7f09c87a6b9a51706a58528ad081133435bad518dd3b1dcc0aec10f1b5c1b', '9ca6b5162863ecc9bbf3130c22756cd3c1830bf11cba6ceebe3219c9a4416e5f', 'befffb9dc16fcdc5cff3a0626d05f16c9c4dbe0416c915ed807510d51a522551', '9f16f04920ea92bf5e7f71a008bb69d4111c57d2682298a8412cff1c222f0445', '2aab50939d088ede8912d3b0a27cff6b0149f4ff6088febe435b80136e646781', '212c710abac5bd266ea689823869ea540d3215c8f55c554c8818d9182506ce4a', 'aa314e1a748d142ecc033ef6df87cd2baa86b106100e9fa1e7df106424396406', 'bec4def8674f9d50dfa0b587bab8506a15e17ba6fd53c0c5e9a81b7333579ff8', '94304485935776bc7914b0c027a2a2d7a1b3754ef7543817825aed86fd306ad9', '7b2ca578377716f53ef6ad3c45a4e049d03241224a0d446c0fcfef4229b1d38f', '3b5376f0dbcbf0b6e652c6cc02d1b922020f99cd1c4bdd69eb274a72bb8415a8', '6c34ceb988741dd7bfb0dec33f2549b0846be53de004a76c7acde93e1590092b', '1c7580029a0aa92b15ab22c37c7f36df3ee1e1568008f5fb2e0b5e399bf43e3d', 'f605d5466c943d214b900d2373f88f516adaf9cd421720e244cea666005e692b', '27fe8a00bc8521c4b44d8228fea29d61f5ca8bcf914a103ae0e481f31c7abeda', '6e855ec6e6ca734855613ca48fc15938d6a633f1c8e05cc1fe871f06694c8fa5', 'e32ab090ad25823063959557cf4d81d8140829c0554a41f520876deac0ef233b', '8a1aaa01dde97b571cad7bfea35c46d9891014df93b3001bd4019f9f10d626f5', '078529be4d038a6d0f63a9cd20f34fbeca2d0153014a01f05e8cf7ebaa597772', '09763097c50ff63d550da0885a1e13df079d3d3daf817be9a0f84983bd949292']"
233,a920fe8ab71ec16c1cc80d6b06decbf143571935ab9cc0abe0d06fb0224e1e9a,['a920fe8ab71ec16c1cc80d6b06decbf143571935ab9cc0abe0d06fb0224e1e9a']
234,e48bef7e51fd085f488bee0aae62b903b2629d147018aee33f4088331cdc97d6,['e48bef7e51fd085f488bee0aae62b903b2629d147018aee33f4088331cdc97d6']
235,1fc5bbe8628f0da961fe763c74bec31b826b34697ac1fb292f6fade4dde9b104,"['7c827ce4feeca8d9a11101a66616d6a90cb525a92295a13fbcb090652390cf93', '1fc5bbe8628f0da961fe763c74bec31b826b34697ac1fb292f6fade4dde9b104']"
236,bec4def8674f9d50dfa0b587bab8506a15e17ba6fd53c0c5e9a81b7333579ff8,"['c88e3396db266074fa263751e173b42563c17b1acb0dfc80b95f78ed6ddf22cb', '96a7d6516258d8964c1914abaa74125bafa4cd1cdedeafa69dffc1c665c54f50', 'dd459d4a3be25e446af3ce10595142688b6a96a2538ea1f8b122797042ed2144', '8765ec0ddde364b5bf0169358bef64641762568986c2b32354fcc69b33f17d06', '913aefe2cefcbc505af0da98055eacc6003a506e57d1e7080fa6ba19f676bf92', '11a50ca9343ac67c6ddd0655cf65fc0cdbead1072a0ac1399f0a770eee344335', 'f6c1f69fc974080d2524b3921effd621d20ba39ddc70a227cf2382190869ac78', '0e6fb8c6796d3b9333950f9a631108202718b0ae7c1693c1e24b6bd0cbc2b126', 'fb8106492cdcb28d8f2b335ccc56582e00aa3c782610a9056d34209fb52b4dae', 'b94e55cd10f0d15eb7b2ff3d753fa2866a099e50c7c01fe01595a9a6b4c9c153', 'cab7cdf717d2674e234476752a924e4b8231395a06a00ea81363cbbe74e00397', '9fa72e8b4fb4f2bed6fe56d29a8419ea652da788a916f7b2cc54c66a3fc97898', 'de2cc8213ef761fac2b715bb30643203845508eda0fa655c8f58f47851a0bafc', 'ab289e7b21bde3a6447463ed055b87c0573034bf704ba40e07bc2ec36b7aa600', '3808fe03478840074855c608e290b8cce30b78ed06c259b34259a54c8073f818', '4bb2523e0cc3495274ac43366ad8ed326c4e21697a64ee40078a2a85f96fb3f5', '60449a00343ef019ca220458f45bcbc7d7f974650279424f7ef696b86a6f2267', 'd10f1bd6dc5b64693701b94f5dee84443655522d16cb98767afb538b0c63ff5f', '8e9729b974028921c0e0472877e88270b8571108d0968f68fe1afb9280d1e1dd', '96cabe6b389bc9ab371aa35fcf631653c15efcf08aaae7e0bb36553e1fd4673e', 'afac8c50367f320016f0775e52be5e1502303f0a0d941044631e66a0931edfba', '69dfa3fa755c98b4e0ef1e4c42a83afd77c9b3e59bcb5fc41f010f5da853d3a5', '25d550c283b7b324728d44a44c048e02d6140bf7baab6a308ec34fdeb8f3401b', '89ced94dbb70de5283bf2ee7baa074ede31d4323e306517c4724a573aa395cea', 'd01e169db352da7a35a088bd1156fe6f7904ee8fb5b23da9f54912cdc9a72230', '24c7f09c87a6b9a51706a58528ad081133435bad518dd3b1dcc0aec10f1b5c1b', '9ca6b5162863ecc9bbf3130c22756cd3c1830bf11cba6ceebe3219c9a4416e5f', 'befffb9dc16fcdc5cff3a0626d05f16c9c4dbe0416c915ed807510d51a522551', '9f16f04920ea92bf5e7f71a008bb69d4111c57d2682298a8412cff1c222f0445', '2aab50939d088ede8912d3b0a27cff6b0149f4ff6088febe435b80136e646781', '212c710abac5bd266ea689823869ea540d3215c8f55c554c8818d9182506ce4a', 'aa314e1a748d142ecc033ef6df87cd2baa86b106100e9fa1e7df106424396406', 'bec4def8674f9d50dfa0b587bab8506a15e17ba6fd53c0c5e9a81b7333579ff8', '94304485935776bc7914b0c027a2a2d7a1b3754ef7543817825aed86fd306ad9', '7b2ca578377716f53ef6ad3c45a4e049d03241224a0d446c0fcfef4229b1d38f', '3b5376f0dbcbf0b6e652c6cc02d1b922020f99cd1c4bdd69eb274a72bb8415a8', '6c34ceb988741dd7bfb0dec33f2549b0846be53de004a76c7acde93e1590092b', '1c7580029a0aa92b15ab22c37c7f36df3ee1e1568008f5fb2e0b5e399bf43e3d', 'f605d5466c943d214b900d2373f88f516adaf9cd421720e244cea666005e692b', '27fe8a00bc8521c4b44d8228fea29d61f5ca8bcf914a103ae0e481f31c7abeda', '6e855ec6e6ca734855613ca48fc15938d6a633f1c8e05cc1fe871f06694c8fa5', 'e32ab090ad25823063959557cf4d81d8140829c0554a41f520876deac0ef233b', '8a1aaa01dde97b571cad7bfea35c46d9891014df93b3001bd4019f9f10d626f5', '078529be4d038a6d0f63a9cd20f34fbeca2d0153014a01f05e8cf7ebaa597772', '09763097c50ff63d550da0885a1e13df079d3d3daf817be9a0f84983bd949292']"
237,6422defd90f656b222f7f0ec1d92d6a48c9e1d3d8990499d550d3b7524d32379,"['83695d8300559228d54b007a7518cc3c635253f819c768f0f7f9426728bc666f', '69d060d0d61a09d0d1887c6e80565c7805209fbff0eca64532fd510d733e9d90', 'ea17e889d07624577eaebcaddf41ee4cc9594d13c21afed6b8005666479a80ec', '6422defd90f656b222f7f0ec1d92d6a48c9e1d3d8990499d550d3b7524d32379']"
238,5004d9ada0d16cf655bd5a83ee0e85464c2d37631f69264e696f8397b77844dd,"['117ab3a6272a708a6abedae756c21972b95ef3c4f09d84a343f741c04ca220e8', '31021892f98707ac94b346802873cdc0fa879c04236a26da0c3a2822999405ca', '5004d9ada0d16cf655bd5a83ee0e85464c2d37631f69264e696f8397b77844dd', '7c6b7830018f635f5d7110bc48375eccc42737e6e9759599b250c0d10d23bd5f', '8b7662d2670975de7151851b7149fb0f5aebd0e75e342ee1341216ae0228b48b', 'a949dc1f3b47c4ff3e79dee67e80b38ce23558bd84fbbec04a2a38ee6face671', 'c3fa66d5fbc4302d34172ee1ff21f97672869121db3eb77f43fbb3c4a6a2ea99']"
239,37f8dd49dd8a5f094898ef72766a36701bf2d967697eccc9d5b47e3a6a8791b3,['37f8dd49dd8a5f094898ef72766a36701bf2d967697eccc9d5b47e3a6a8791b3']
240,8ea82ddb8419fdf2b4046a77074c3aa06127a9c2ffe2a2b228e990046abc041d,['8ea82ddb8419fdf2b4046a77074c3aa06127a9c2ffe2a2b228e990046abc041d']
241,044dfe224ac35ef45da416f7cb1439344769d52e5f06589ec4303f2c28ebddc8,"['044dfe224ac35ef45da416f7cb1439344769d52e5f06589ec4303f2c28ebddc8', '044dfe224ac35ef45da416f7cb1439344769d52e5f06589ec4303f2c28ebddc8']"
242,87a8862e0453f434204f5cd57ab5aa695770da296ed1d7338086330453d85ba4,"['87a8862e0453f434204f5cd57ab5aa695770da296ed1d7338086330453d85ba4', '87a8862e0453f434204f5cd57ab5aa695770da296ed1d7338086330453d85ba4']"
243,a48aa8fc65700adfe1e09b347e0178300572bf17e4f7573e2ec3e8325817e019,['a48aa8fc65700adfe1e09b347e0178300572bf17e4f7573e2ec3e8325817e019']
244,046c56ff4516ae7d6de0a8bbae9302be0e334e245e8597af8d467a5c4b4b27db,['046c56ff4516ae7d6de0a8bbae9302be0e334e245e8597af8d467a5c4b4b27db']
245,ce5cefc6f5f5e1d7f2688d591612f061488d20bdf5836d99adb72f5d97ee226d,"['262f1370036d2bcc9fdefa6a26e24d93615cc72192bf14b3d40ae6e23c33970a', 'ce5cefc6f5f5e1d7f2688d591612f061488d20bdf5836d99adb72f5d97ee226d']"
246,f47974d45f7f71900f9767ad029d52dbba0b02f70a2fcc1d32ab1782b65befd3,"['7c8da723696587ca38101337ab5154b097fe4ace085faa83bf47ae0e1073ccba', 'f47974d45f7f71900f9767ad029d52dbba0b02f70a2fcc1d32ab1782b65befd3']"
247,312a11cc035f56d756d4d089a79a377bed8fef9f921cc94652ff95d3ca4af35f,['312a11cc035f56d756d4d089a79a377bed8fef9f921cc94652ff95d3ca4af35f']
248,60caa3cc79c65f983f8dee823a0dfab6cadf0c53017370f3180d007ba6b29049,['60caa3cc79c65f983f8dee823a0dfab6cadf0c53017370f3180d007ba6b29049']
249,ed0da8ea2a5677bcd112cea8ae08dc8d1bd38913ec0ab32f8f5d14525e7ec486,['ed0da8ea2a5677bcd112cea8ae08dc8d1bd38913ec0ab32f8f5d14525e7ec486']
250,81ea016642d4a2bbe32fc723de48a2db1e2b0078aedb1e0d9e00401c8eb64dc5,['81ea016642d4a2bbe32fc723de48a2db1e2b0078aedb1e0d9e00401c8eb64dc5']
251,1a26060fe2a5930496bcbdd0cc6642374ad7ca34d361cf2e7b9a64188ef4b2d6,['1a26060fe2a5930496bcbdd0cc6642374ad7ca34d361cf2e7b9a64188ef4b2d6']
252,83f4f725267806af7119dbd98fa511840d7f49c983f1ce7ebd46f6cfee61b258,['83f4f725267806af7119dbd98fa511840d7f49c983f1ce7ebd46f6cfee61b258']
253,a5147b7c83866eb8cf3b54a353a0b7910ac3e6101c9430211d9d1e8ee92ec4e5,"['2890fb8943c9508eb1a11076c6eed587e9da7dfafdc9df05ee6676c19432b9b1', 'a5147b7c83866eb8cf3b54a353a0b7910ac3e6101c9430211d9d1e8ee92ec4e5']"
254,427a378bcdebdc1f9b257fdcdafd8d4718227020c83474623a5f9a56307d22bd,['427a378bcdebdc1f9b257fdcdafd8d4718227020c83474623a5f9a56307d22bd']
255,8a78b16e4409071c718577a71cdf9e240de3fa8f70eeac591bc89286e4af1fa0,"['00c6f4eca2967a96efeb047f1269a9535ae33d69d0d0574b6d4d0c08ede9c1ed', '396668ab6826f3056ab185ae7403cf8cfa55290f39a7f560a41a21d7e53e6c19', '869cec190117f67e92a02565a4a4400ada7f9dd532fad58e94c4f3ef2192892d', '8a78b16e4409071c718577a71cdf9e240de3fa8f70eeac591bc89286e4af1fa0', 'acce31505bbc51137c3b51319ca6d49b4de9f75c8a4c60ad95df7fd621e37f12', 'c46e1a3df916881020a2cc28f885be9bee8274707330d47abab196406c0ed1d8', 'cf1b2cd6d92835755d93f72824d78aea802aaca529310ece23d449170192b118', 'fc5dbfabd4c61f90d3b11250873bb0b77825bcf4f6b6665eb4ae38f056f519d5']"
256,7287337d19f5b31422da75e59026042a355f77c3bdd46331a1cc8c2ac0f108fb,['7287337d19f5b31422da75e59026042a355f77c3bdd46331a1cc8c2ac0f108fb']
257,310a6ae33cb6c7ad02203d3a29acb08c5b4923150d547e30a0cc96d5e69c74f8,"['310a6ae33cb6c7ad02203d3a29acb08c5b4923150d547e30a0cc96d5e69c74f8', '871b2e9659ba56cbab9153e0131f78d716efe3399a097c1d6fe4f69732e6cf65', 'a44dbb145d3e2dc78f41298ce7d88474ffe2ceb1f0c9ee2e4cba75f583376a50', 'f721374b4f50c1ebd4ca9167d41e90342c55ce8c282a238355a7100d9fb2ff7a']"
258,4a5d59745d4a7a20c488fe6cd905e09768418043ceb200a49780e8e939f1290d,['4a5d59745d4a7a20c488fe6cd905e09768418043ceb200a49780e8e939f1290d']
259,55dbca3e454c2aca9eb6e67b38f707f211e018815cfa26bbae92cabc1d5e33f3,['55dbca3e454c2aca9eb6e67b38f707f211e018815cfa26bbae92cabc1d5e33f3']
260,42c8bc13e11ec8109967b5a2cd7df3ea7a6f6cb2f5a857526cfad31d17ad614b,['42c8bc13e11ec8109967b5a2cd7df3ea7a6f6cb2f5a857526cfad31d17ad614b']
261,7c64dab209e54f115d670650f15978ca5a249901d07d04f66332d548fca68237,['7c64dab209e54f115d670650f15978ca5a249901d07d04f66332d548fca68237']
262,8a5046ef424803eb342f9e8d3ccb87849300df1ab4d3189051e8d709e099f504,['8a5046ef424803eb342f9e8d3ccb87849300df1ab4d3189051e8d709e099f504']
263,c1a946f4fc2c33e97627a2541c2a5d8f3c879f59acf9de4404ddea54bf439df5,['c1a946f4fc2c33e97627a2541c2a5d8f3c879f59acf9de4404ddea54bf439df5']
264,e8bcf396bf6709bee95dab892eb57c64ed687acd90b15e7d82b700655f9641da,"['08575bf8ab3fac218dc1544f9af724e2b223293a1bc7620a46e46f2d6f1c99d9', '14830fba7e9fd84186170676eab0e945ecf8e44237861122a6ac871a7d6b6ab9', '2a9cd9de56748b855a3a5d3bf0e8683362e76d5d8d87f375ddeae5390a16e5cf', '4eff4b5955297da31b605efce4e6b7a3b176fbe6c886bb5058db1021e495f48e', 'a828d13af8c6f1edc62b801b229cae90cf126a74ee25b5c66ada1502fb9c4cd9', 'e8bcf396bf6709bee95dab892eb57c64ed687acd90b15e7d82b700655f9641da']"
265,62e88d7b9f661b204ef28ecd03f43df70133e1c66197f0395afacc74a1936f46,['62e88d7b9f661b204ef28ecd03f43df70133e1c66197f0395afacc74a1936f46']
266,136f24080e27d7392d360fe8f53ad931acc805c5f36998aaa686775415a069e4,['136f24080e27d7392d360fe8f53ad931acc805c5f36998aaa686775415a069e4']
267,048bf6a49192b5aaa7f5e3fc82b555dc9ac4cef3c3f3b73d5ec3787b032b10b6,"['048bf6a49192b5aaa7f5e3fc82b555dc9ac4cef3c3f3b73d5ec3787b032b10b6', '94fbe376ad9023620c6da36f702df716ce23310f021b01caf2bffcbe6de2eb6e', 'dcdc21d66cb79c30d2b7eabb09edf1bb1bdf1f1a0bcd3c56b0dc1397e5314a44']"
268,d8e1722de8857e1a54b7744d46c2731bdea86bb655c80f38398e8ae80c56a9ae,['d8e1722de8857e1a54b7744d46c2731bdea86bb655c80f38398e8ae80c56a9ae']
269,d99bc315b73dc8e1bd88d51c42225734f6e7a76b7da7f3c1878e0d23ef83d872,['d99bc315b73dc8e1bd88d51c42225734f6e7a76b7da7f3c1878e0d23ef83d872']
270,60bfb8499ad6f2740afcf54c52be86db6ae40ffd06f874ec67616b961a1cdc7a,"['00bab9fcc0d218b61420057892c6034cf41e4bcea2803a648657903beecc6751', '20779a497b7c6182a03d7b7425d3b7c8cc1a6fcd9bd523cdfc33d1a75e91a010', '22e942964d8aa0225e54e193ff5b6af81534ef42e4c368707b4a6935db5cba3a', '60bfb8499ad6f2740afcf54c52be86db6ae40ffd06f874ec67616b961a1cdc7a', '7f001370601e5feccc0b26c3de94db6fb4c6dbf8d130d09d32616332c535848a', '878eb956ea89e7576887a10c11cad368d57192b54147b973cc7ed6678974d2f2', '88647f89f1d87ac73715471fc8dee22866020755bd08307470f542dff95ca0ce', 'a4cfe222658d879fe49a26f8d7316fde5cb190cc9ff569a2b45545d0d0bee056', 'cf7fc3f216a485f9d3ee56076e69f2e611bbea04ccdaaf4179477e21a5812d5b', 'e16d7f0d9ae8293348a9a6d3e0116234973489e89571e2f85e025d22892d5a80', 'f0b2436ac0c43525644d33dabdfc02dc56637836dee854701f0e072a43fb886d', 'f32eec2776fcc20419ffe23b10148a635b3d6d637bf5d66d7e77cbc1ecd4b469']"
271,997fcf21927aff40cf288920fc87c8ca7a781f6298410c9c62cc1c92935721ef,"['68a0f59a197ec2e4e3658e50d7bd050ec66901f7c874b4ab09cf24e2cb4a8353', '997fcf21927aff40cf288920fc87c8ca7a781f6298410c9c62cc1c92935721ef']"
272,262f1370036d2bcc9fdefa6a26e24d93615cc72192bf14b3d40ae6e23c33970a,"['262f1370036d2bcc9fdefa6a26e24d93615cc72192bf14b3d40ae6e23c33970a', 'ce5cefc6f5f5e1d7f2688d591612f061488d20bdf5836d99adb72f5d97ee226d']"
273,ab2e118d00a5bc7d969119b7aefacd5f9c81781c118b913cd6037ee1a1351977,"['2708a628835bc594f4245cbbf05e9dc9518cec1f2152d521e4ea25928f4f0efe', '6e3e85eac98e6843186940d3b38fd563161c6eebf077f10bf9a7711747880e52', '712f76d28966ef91560106d8fda62af73471e2e2db59a845320c8da7fba28c22', '74f9a0aea1d9910c7567974f2dc9dd77cd84f8a9c231d8ff041430ce6745cdcf', '7dfb142edfc2ef8e1bfa827ecacd2ef73d686c9bdd52b654ac7ab657ac54f8db', 'ab2e118d00a5bc7d969119b7aefacd5f9c81781c118b913cd6037ee1a1351977', 'd7eddabd8622a93d43ac141e69d1375f345181fd996b28d3a7da58e4897d8392']"
274,42f07104154800e2b8c6c40572205c5b04177d604e1e7df0e510b8858b0b8c5d,['42f07104154800e2b8c6c40572205c5b04177d604e1e7df0e510b8858b0b8c5d']
275,43ad55535e07c2a500b065aeec5077067b16a576e815b0e32c321684090ea8f6,['43ad55535e07c2a500b065aeec5077067b16a576e815b0e32c321684090ea8f6']
276,b41fc05c031b56c4261fa87fb2e3b266ab20d9027246519cbbf53a63f5a369ad,['b41fc05c031b56c4261fa87fb2e3b266ab20d9027246519cbbf53a63f5a369ad']
277,4ae6e1196d9f2d5fdd32eb0c1cb8a10ff3990eff12299e6d83cec6971d2679d8,['4ae6e1196d9f2d5fdd32eb0c1cb8a10ff3990eff12299e6d83cec6971d2679d8']
278,9d62aa6be23beacb09a183b10cf35b451bf68ba3ec2a75656ab354c6b2ca63b0,"['650b8af9ec0d2d755d822b80161711895283002698abe874ccef9107ffe5a22b', '9d62aa6be23beacb09a183b10cf35b451bf68ba3ec2a75656ab354c6b2ca63b0']"
279,dad5cd7632b1db0f7209f680e59c210d3dfd97148fdf41e927f9684b46b73ecb,['dad5cd7632b1db0f7209f680e59c210d3dfd97148fdf41e927f9684b46b73ecb']
280,2890fb8943c9508eb1a11076c6eed587e9da7dfafdc9df05ee6676c19432b9b1,"['2890fb8943c9508eb1a11076c6eed587e9da7dfafdc9df05ee6676c19432b9b1', 'a5147b7c83866eb8cf3b54a353a0b7910ac3e6101c9430211d9d1e8ee92ec4e5']"
281,465c868fdfd6919aee5ae25f243401b001644580a19ff85f61de95186a93a14a,"['465c868fdfd6919aee5ae25f243401b001644580a19ff85f61de95186a93a14a', 'e7d23575b76d1483d03ac82f5c34fbfa1e278cbb72cf73440701a666c5b31320']"
282,86d7d0aee820dcf91f11ad8bc08d07181dc05da54598e10db891d6c4cb303e5b,"['2512a0de392f53fdff2bcfb1953c3d7fb1851f55c80654a49766bfb758c2f0f1', '6989096065074e802a89411e4d5d6d6dc6dbeb0312537e20cc1adccf8fb04b87', 'e3c8919da91094a719770444cb238e2d7ec5bc75eb9bc7aeaf4c07cf911c1912', '86d7d0aee820dcf91f11ad8bc08d07181dc05da54598e10db891d6c4cb303e5b', 'dd371b8dc1bf987107ab1c8005b2536199120e20c451227528601cf5a457de42', 'a750d5c07de6989647eabf14e7f6b894fd2a31332ebccd192a3b50eaa041ecbb', '13ab8e68dd9df9e553049159737c4b6b71314b130d6258367d93fa0ec0883c58', '56b67f61cff3a3947b70857389f4d0ee71ad060b2dff4a85c296f8765c211907']"
283,3142dda5b3d6ef83bd4174906337710066a6aac7e5fa3bb50872b7ecd4dda043,"['3142dda5b3d6ef83bd4174906337710066a6aac7e5fa3bb50872b7ecd4dda043', '685308a84c84b2869e9396c38f37056695a48f71ea17fafa9f6561399efb8df7']"
284,81efc4e7e94156e198e7afef00602039a9bf3ce025a1de08e4b1eed62db1984a,['81efc4e7e94156e198e7afef00602039a9bf3ce025a1de08e4b1eed62db1984a']
285,307bedefdbdda73cae45265fc746ed32b0223548497193cb893399c8773fb38e,['307bedefdbdda73cae45265fc746ed32b0223548497193cb893399c8773fb38e']
286,d67f19dd82c8c8c440e15a37293917a178df0ce23ab82446df6bb2d90229b8f8,['d67f19dd82c8c8c440e15a37293917a178df0ce23ab82446df6bb2d90229b8f8']
287,802d6816093d8bf8f9100658c973425c7d82046a049370c24e5e7215e2236004,"['e1929904f0398e59d0a487901611a00c9b37a2bd893bdb6f7eb9f4bd4daced6a', '533f6a8d76ffdb2b2c66da4cd7bef67f38e70956e6f914e25af65d99c115e0b1', '802d6816093d8bf8f9100658c973425c7d82046a049370c24e5e7215e2236004']"
288,69cccee7185a2a6cc04e36a063c709a70fed03e4bf803964e108583e505c54fb,['69cccee7185a2a6cc04e36a063c709a70fed03e4bf803964e108583e505c54fb']
289,6145f586d327df58165d1d1eb511c1219a35c8c1adc7be6ff4a7521aec551ea6,"['135e962468861a0a8579ee19ce29dee0c4442db59e3358acccffc17dbfe2e0a6', '6145f586d327df58165d1d1eb511c1219a35c8c1adc7be6ff4a7521aec551ea6', '638a8af2973d908b3e60310b9645f5aa14a52218ee6ea96823134fa9e94c0a8a']"
290,13742626e5f8b2751a6342fe1a8ac29c52a45d903181d7672f487b91c4729cb9,"['13742626e5f8b2751a6342fe1a8ac29c52a45d903181d7672f487b91c4729cb9', '13742626e5f8b2751a6342fe1a8ac29c52a45d903181d7672f487b91c4729cb9']"
291,c0236472aea3d05123311ada591eaa7a493d5d0eb300e599c6585051dd0a35b9,"['c0236472aea3d05123311ada591eaa7a493d5d0eb300e599c6585051dd0a35b9', 'c913ae145761db5fe450314357c2bb7a64991359606a3c9446926b3ecb00def1']"
292,d2fa7cacf2ed957849cec6e3eeb76c76576e38ce10c1d59518b06c62c4f8ad0b,['d2fa7cacf2ed957849cec6e3eeb76c76576e38ce10c1d59518b06c62c4f8ad0b']
293,eac929bfe65c3804ea47e1fa14b5a5bb2a8ca1c9b693d08913659d648798edd6,['eac929bfe65c3804ea47e1fa14b5a5bb2a8ca1c9b693d08913659d648798edd6']
294,9897c280991c2edbfc0c9c9ff852fbc4c23e9a147b706be30a506aac1ffd17cf,['9897c280991c2edbfc0c9c9ff852fbc4c23e9a147b706be30a506aac1ffd17cf']
295,378976283720c23f1e82cad304269e7dd3822f68465ee0d66deec1eb57c5f276,['378976283720c23f1e82cad304269e7dd3822f68465ee0d66deec1eb57c5f276']
296,49ee0dfee1057ddfa3069ed29260dce52417aa25966034fda8c8412ff17c69b4,['49ee0dfee1057ddfa3069ed29260dce52417aa25966034fda8c8412ff17c69b4']
297,1a9eea024639ccea1e2a26484ace762102728797c7345066530eafe5e1110aa1,['1a9eea024639ccea1e2a26484ace762102728797c7345066530eafe5e1110aa1']
298,ed2a02d517db10d769f53aad749e4a5f78bb8ff9a52884a1002509481efa0f06,['ed2a02d517db10d769f53aad749e4a5f78bb8ff9a52884a1002509481efa0f06']
299,97a3b91d89bb23caf200e6511a2d48428414bbbe1138410831780b0b6659cca6,['97a3b91d89bb23caf200e6511a2d48428414bbbe1138410831780b0b6659cca6']
300,0e57446c33c064fc12246da7bedc0c2f93d590865e8895710c0b6585aa849008,['0e57446c33c064fc12246da7bedc0c2f93d590865e8895710c0b6585aa849008']
301,3b5bbc94cb3bf5a01c2f7cd678ad7fa814c9a2c15d57a0b79fc5aa53ca22fd5d,['3b5bbc94cb3bf5a01c2f7cd678ad7fa814c9a2c15d57a0b79fc5aa53ca22fd5d']
302,10e8c887260f6c84ed08d025f299edf9d0fdb72de272dea87976bc64f337c2f0,['10e8c887260f6c84ed08d025f299edf9d0fdb72de272dea87976bc64f337c2f0']
303,d0fdba26a90c8f4239555fceb9f208fe6548f9dceba33934fea935ef19abe513,['d0fdba26a90c8f4239555fceb9f208fe6548f9dceba33934fea935ef19abe513']
304,3f48f2f354eba8955769670eae3e04c217ee6481e9a50ffa5d6d6876e6da084d,['3f48f2f354eba8955769670eae3e04c217ee6481e9a50ffa5d6d6876e6da084d']
305,6fdc613fa473c1a36ae21ebd3c9d018956f084765f83cfdf7a5b8f6b2e95356c,['6fdc613fa473c1a36ae21ebd3c9d018956f084765f83cfdf7a5b8f6b2e95356c']
306,edd0cdde4ecab4db306468d3e676feddfc1dacf8fc3ac2d9fd808623259addb7,['edd0cdde4ecab4db306468d3e676feddfc1dacf8fc3ac2d9fd808623259addb7']
307,bc052062e7f01fc6489ee20773431caa82c8c820635a5561e637eb798345c9dc,['bc052062e7f01fc6489ee20773431caa82c8c820635a5561e637eb798345c9dc']
308,2f2e14470e4a1171ac9b2640aeecd427a0ed87942a9df040e7789575ab7ab353,['2f2e14470e4a1171ac9b2640aeecd427a0ed87942a9df040e7789575ab7ab353']
309,0e1dcd21cc3feb820f24e71262fd08cbafcc78042a573a3da833e275c1739258,['0e1dcd21cc3feb820f24e71262fd08cbafcc78042a573a3da833e275c1739258']
310,e5a9630725431281d3eea8ed579542d884962576478463292c3fa808f1128318,['e5a9630725431281d3eea8ed579542d884962576478463292c3fa808f1128318']
311,046ed34ae8f64e298f38a21618e0746f72e05005ace4492005de0cf5064f0674,['046ed34ae8f64e298f38a21618e0746f72e05005ace4492005de0cf5064f0674']
312,75ae1a30fb13acb2cb8bd70f0c4c2bac0e0503f603acbbcb08b0c509cc60655e,['75ae1a30fb13acb2cb8bd70f0c4c2bac0e0503f603acbbcb08b0c509cc60655e']
313,e360af234e4b94cc4ec324f5928b8fbf5e628ac01310fcd8abf3507db0d98969,['e360af234e4b94cc4ec324f5928b8fbf5e628ac01310fcd8abf3507db0d98969']
314,0f122bff4bb5c57d8a96d0a57619bd6867f95526184288f026353501751601f1,['0f122bff4bb5c57d8a96d0a57619bd6867f95526184288f026353501751601f1']
315,24cc52a8fb105bf25d503f02c9183d09275ac40233f093922a833c4ed740e88d,['24cc52a8fb105bf25d503f02c9183d09275ac40233f093922a833c4ed740e88d']
316,cff0a39e595882ebaff9dabb55a16f49c9fed82b02f03d05d3f785b677dff7fc,['cff0a39e595882ebaff9dabb55a16f49c9fed82b02f03d05d3f785b677dff7fc']
317,eb2b7d219e6818458c7f07cba3108094d6d6562976b0b91400f99ddd36c90a1e,['eb2b7d219e6818458c7f07cba3108094d6d6562976b0b91400f99ddd36c90a1e']
318,a0c179e8d900ff8c27b30611ca0b386a789ab4a2536f93dd409d13d076a45eb7,['a0c179e8d900ff8c27b30611ca0b386a789ab4a2536f93dd409d13d076a45eb7']
319,d196efcbdbebf1f6f45cdbfc1169b817792881e0dc73c81b3a7ac27e47edef80,['d196efcbdbebf1f6f45cdbfc1169b817792881e0dc73c81b3a7ac27e47edef80']
320,b496699e932f67314a6c63e7c25df1ef0facacf9f5a22f57e3204be873451d23,['b496699e932f67314a6c63e7c25df1ef0facacf9f5a22f57e3204be873451d23']
321,b1bb56c92bc413008e2b65e6273ac97125ea62d956e0be4ac0062a78c89458f2,['b1bb56c92bc413008e2b65e6273ac97125ea62d956e0be4ac0062a78c89458f2']
322,ddeb2bd1b42f23adadaaf89eb47b000ef4170655ee708951c21ed0c83fcb35f3,['ddeb2bd1b42f23adadaaf89eb47b000ef4170655ee708951c21ed0c83fcb35f3']
323,08e06c1fedfb7f2528c5934076b539304c73cc00234941b43bec3204b2a7e1a4,['08e06c1fedfb7f2528c5934076b539304c73cc00234941b43bec3204b2a7e1a4']
324,b49ce8988cf8703ecc95b425da1b8044286d0f0ab98142cffb4458c8c91e2ed2,['b49ce8988cf8703ecc95b425da1b8044286d0f0ab98142cffb4458c8c91e2ed2']
325,cd758f9c6eae9dbb20095549ca7773ed649f802bc7d1bd9012f37899c07952cb,['cd758f9c6eae9dbb20095549ca7773ed649f802bc7d1bd9012f37899c07952cb']
326,cbbc6bb0d7ca71fd2c33138ee81bc2bdfcad700bccec81f369b580c709605d56,['cbbc6bb0d7ca71fd2c33138ee81bc2bdfcad700bccec81f369b580c709605d56']
327,0ad457d555ad80f8823027d892547b403f807529a31bfb4ff205e836052c7e4d,['0ad457d555ad80f8823027d892547b403f807529a31bfb4ff205e836052c7e4d']
328,4b4c90943c1651eabb8c5dfb6f490c4e56bd6cf42950a0430db17b9691b0236c,['4b4c90943c1651eabb8c5dfb6f490c4e56bd6cf42950a0430db17b9691b0236c']
329,2eb4c97fd45efe8c71dcb022299dbb18f83a2b6e0e79c0d1e1b05a0e239e768b,['2eb4c97fd45efe8c71dcb022299dbb18f83a2b6e0e79c0d1e1b05a0e239e768b']
330,c58e074ab8981d907e87f0ed02385f2393673494848957714b65c278d2d8a0a0,['c58e074ab8981d907e87f0ed02385f2393673494848957714b65c278d2d8a0a0']
331,5fa93bf2d65d76f9242868996ff91d0e1509bb341d4290c46047e5647459f62c,['5fa93bf2d65d76f9242868996ff91d0e1509bb341d4290c46047e5647459f62c']
332,e1c06f0d06a26d530ac7eceba3b21937f6f3472e2c67e19c3a632c3b4a7e942f,['e1c06f0d06a26d530ac7eceba3b21937f6f3472e2c67e19c3a632c3b4a7e942f']
333,ab1792ca5fd0c83f9306c860a0e918307588d997035cf2f3ceff9cba54be4c9a,"['3a9689d3dcbe0a76095e6662832f91d70c2fb263a90602b333dfe109ab7bb825', '75f109f44e0e8b95c91e72053fe05004bb785626df0316b4d9a22f33fe55a992', 'ab1792ca5fd0c83f9306c860a0e918307588d997035cf2f3ceff9cba54be4c9a', 'e5074595b9b738c508c205b2c69f583e9a787016520ca9bada831de83ac033de']"
334,75f109f44e0e8b95c91e72053fe05004bb785626df0316b4d9a22f33fe55a992,"['3a9689d3dcbe0a76095e6662832f91d70c2fb263a90602b333dfe109ab7bb825', '75f109f44e0e8b95c91e72053fe05004bb785626df0316b4d9a22f33fe55a992', 'ab1792ca5fd0c83f9306c860a0e918307588d997035cf2f3ceff9cba54be4c9a', 'e5074595b9b738c508c205b2c69f583e9a787016520ca9bada831de83ac033de']"
335,1dcbb7eb089ef16461e74d3aa9ca4b2419d5ed97422c65887bd8604d1c0e5d30,"['1dcbb7eb089ef16461e74d3aa9ca4b2419d5ed97422c65887bd8604d1c0e5d30', '7039202b73b1aba094ab881df98d96a0962171f9fd63b066cda9c07ccb970894', 'daac526663e08abcf748506ebf8ce7f424617150e253842bc584f4bdb8f8ede4']"
336,efd9aa4f1bd3c16e8e3366f54e7652098ddcc37f6e36b65bc4a7031bbb875cd4,['efd9aa4f1bd3c16e8e3366f54e7652098ddcc37f6e36b65bc4a7031bbb875cd4']
337,d31897cde46b491957fd3226e4a369e82b94d88183ffaecf3e597b5f98e3741d,['d31897cde46b491957fd3226e4a369e82b94d88183ffaecf3e597b5f98e3741d']
338,ad118f9a3a622fe309aee2386bd9096364ebbe5ca3c0e00b714ade108660c359,['ad118f9a3a622fe309aee2386bd9096364ebbe5ca3c0e00b714ade108660c359']
339,37d57fc7d4af819b3680b2abb8a53ff797189a188a334e62e3d9b960a4be23bd,['37d57fc7d4af819b3680b2abb8a53ff797189a188a334e62e3d9b960a4be23bd']
340,276dbd170698c1b1e4deb47ea2df997e5267c702982e0ccb88b1ee43cf8c600a,['276dbd170698c1b1e4deb47ea2df997e5267c702982e0ccb88b1ee43cf8c600a']
341,6dcd011c58f3e6abd7052d0989796f951176bd14e047eb95875d824c9e077962,['6dcd011c58f3e6abd7052d0989796f951176bd14e047eb95875d824c9e077962']
342,18a984872b888258150c3dc0f543b4c11b7297898bab2a071ce85b9b5807076b,['18a984872b888258150c3dc0f543b4c11b7297898bab2a071ce85b9b5807076b']
343,144eed7b0e739285edacf7b3d11ee360fb5fb156fc607eed78bda843268ed15f,"['144eed7b0e739285edacf7b3d11ee360fb5fb156fc607eed78bda843268ed15f', '5010242a33a16864f6eeadf553d31c3ca60cabb34d85bd09cc7c72c5ba82dc5a']"
344,2ad1aecd859ccfb21f373f63d9434fa7211d76e35fbe1b3ed3203171a7325d24,"['f82ad0246e4e3c7c3451a539043b8b7c031188273464905dd39b15cecc7c422b', '72387b69420816c0b73ac69d835a71e9ddcb52c91f88c574e32e4ffff8d8da8d', '2ad1aecd859ccfb21f373f63d9434fa7211d76e35fbe1b3ed3203171a7325d24']"
345,0610b1b7247b6d8b04b43aa5303c4b944811be3ce7e7cea7e859ae6e188c2fc3,['0610b1b7247b6d8b04b43aa5303c4b944811be3ce7e7cea7e859ae6e188c2fc3']
346,edfb2f0deb70eac310283dd9512ff341bf827a593705f19b9512b00d6d49fffa,"['edfb2f0deb70eac310283dd9512ff341bf827a593705f19b9512b00d6d49fffa', '9fd3b9fadcb3e1d0b662e7bffb4a6dd3717aa5e13ebc5a3de5caf8a93316bc6e']"
347,a8b23cf7a7220f7df6d7e8baa7c2f10b0e85be3422ec7b301e4f5b962a41c75e,"['a59a542bb0ec023e0b824098ef6c5333b55810ee368e3a49bdd9d084432ac6fa', 'a8b23cf7a7220f7df6d7e8baa7c2f10b0e85be3422ec7b301e4f5b962a41c75e']"
348,077893747327f044524d1e84bb6ce15948347de58a7d684f0deb47bf631e2a5c,['077893747327f044524d1e84bb6ce15948347de58a7d684f0deb47bf631e2a5c']
349,9ccaf65a50409778d7933b1055220db868b36caf9b1a3cbdd1d782d75fb647a4,['9ccaf65a50409778d7933b1055220db868b36caf9b1a3cbdd1d782d75fb647a4']
350,1ac976f32f8076decf02e699608baee6015dad5416d9457241798ff09b00e873,['1ac976f32f8076decf02e699608baee6015dad5416d9457241798ff09b00e873']
351,63574fbed09c3a92434d4cfb483a6ef33021861a10320252ed4d651438d2de61,['63574fbed09c3a92434d4cfb483a6ef33021861a10320252ed4d651438d2de61']
352,133c83369d1f5ad114278bc1c36ccb5dd71c90ff42fad4bbeff739dd4a47f81d,['133c83369d1f5ad114278bc1c36ccb5dd71c90ff42fad4bbeff739dd4a47f81d']
353,9d923938f2f70374fb27ce7000b8dc2920f436be68d03f883dcb58cc0538e4e6,"['9d923938f2f70374fb27ce7000b8dc2920f436be68d03f883dcb58cc0538e4e6', 'd907c8d0a5ef616fd819ebceb3c41a62b9d9a8d5fd989110b34c26ef641bb7dc', '7668d147478bbd787ef99d7c52114d204b331750a65ba8bd356621582ff6b2e8', '9d923938f2f70374fb27ce7000b8dc2920f436be68d03f883dcb58cc0538e4e6']"
354,401aa26a359c3a96f2e286d97b0ee5f377718031c410328dc526838d2a5d40b7,['401aa26a359c3a96f2e286d97b0ee5f377718031c410328dc526838d2a5d40b7']
355,178dbc1aec812f72ac6590f1d153256495a7df5b1e99e40cf3402722469e275e,['178dbc1aec812f72ac6590f1d153256495a7df5b1e99e40cf3402722469e275e']
356,b3bc623ffc1c10c915ed85e5a29d506bdd97af2b3a264e8a204d9228423b9939,"['00af84602f12629ea60b54b3182740d3ec6a1a06b3519d61f60bdb06c0db454c', '342a74a9696c6ef02c0691542c802297a99a215797d23241ae852ff5a62626ba', '4dc993d7aaece52b5f42f9870bb7dd62504abddde65539e13985ade51b1e85c7', '53c66b625c8190f01894c61086a2b27682747ad8dbfbe6e48443af098eb8e3b9', '71dacbd8fed8ae32f425622a740efc893af5b6c24f242cbfc69844d459ce8c8e', 'b3bc623ffc1c10c915ed85e5a29d506bdd97af2b3a264e8a204d9228423b9939', 'c2f590b5929ee4aa11a9306471f45a816659263444650a3c27bfc3267ac07839', 'c6f5af58b1dc549f86fe35e95e631eb58e74afff40d6293343873284982c3825', 'e8d792ef1887ba96de878ad1f568a42414fd2bf423a30a5f5019571811110b8e']"
357,90dc91a7a9fc0c287755cb400dc54d564f7eb546a3a95d8d1bac93935ff334f8,"['90dc91a7a9fc0c287755cb400dc54d564f7eb546a3a95d8d1bac93935ff334f8', 'a974412b162f80409c6ddb06ca43ae9bbcf8dc7ec6ea59eee14657e01c41750f']"
358,11842bd9fed9950ead939ea4a8b0ceedc1354206ee6893fc7a04a6ccbcadc285,['11842bd9fed9950ead939ea4a8b0ceedc1354206ee6893fc7a04a6ccbcadc285']
359,920270e4485cba68cbf80c0a386639a3f9ce4f55f8c1655d309c8131c3cd4546,"['920270e4485cba68cbf80c0a386639a3f9ce4f55f8c1655d309c8131c3cd4546', 'b1267b2775c49e8e4d9c40f22fcd7026740460ff759c08e0b61404fdff45d172']"
360,d3fe024251e2dfdcf8a3713e5fe0769bf1b489a4b98371446a91997b93ef5081,['d3fe024251e2dfdcf8a3713e5fe0769bf1b489a4b98371446a91997b93ef5081']
361,6527f39c6ee743a4cbec7bc9b3f2e515b4c4dd55f9c6dbe79406645cabdd4b13,"['6527f39c6ee743a4cbec7bc9b3f2e515b4c4dd55f9c6dbe79406645cabdd4b13', 'fc7cdcd9f32f5b0bf1089a73664d47b54031d5cf6f471daf876c00fb1123bbf3']"
362,1a1a2e42f57cef9e3a4649bb7302403d6aae9c28202912d7f30f4d1bc1a5ed9f,['1a1a2e42f57cef9e3a4649bb7302403d6aae9c28202912d7f30f4d1bc1a5ed9f']
363,cdd011828d4de0865138c2a95e7ea45883205429a25accd0bf66066f3d890c14,['cdd011828d4de0865138c2a95e7ea45883205429a25accd0bf66066f3d890c14']
364,c3a0d4ab4c700a5f17347cf0437566dd835dcaacda643202b0322cbfb77f667a,"['1018e3e7dfb9d8379e1445c723dd2c407dc01caab5fdd436c3ee1e658d182508', '13fdfd827fb0749d0765669ab0a99e56deb498ea7991e5751a1284d8ac8e7d24', '1d40cde9f61d3d0af1b1b4f8d7ab6d0bb4b0ef3827d057750c10094d8dc1ae1c', '3920601e75b8b0eebcc9425e897135eae2208aeecee4bac2150891a3dbc3bb36', '3920601e75b8b0eebcc9425e897135eae2208aeecee4bac2150891a3dbc3bb36', '41aa1eb2198712698a092de00337e6a5505534d4e16be80f968f404ac6545858', '6e3e5086abad81c4802b2411c97f4d72dd02a31253d31212984be5c16a779c15', '6f2d29799f56d40580bb5fdb4976eed01e5ec7d70d7fb1f30e9913784905e8cf', 'a03cadae0f9a4ff4dd60419bb25613a05fde0ddc3bca76f310ff82f1e6122766', 'a3c22ced10a86096245622d7803e23b8024e8b6224d50c1475ddde286623adad', 'b5fa4e4f29c5edee2f45f82eaf342a9b3c0e1a8f4a4b1d3319ad4b2d23b5b19d', 'ba130203a4a3ca5f70a21df5e0ec558ff738b3bd1e2f8bdec56fdc481c200087', 'c3a0d4ab4c700a5f17347cf0437566dd835dcaacda643202b0322cbfb77f667a', 'c7cd89db0e4282b1b59b0b5038737215a7f44cd5674a4a5b0a9d86808a4f9f73', 'c7d9b6aa4776a651ffe3ed0d5260794fd0cd2441f85056f75726724ad20de08f', 'd76d7d7ca93f18fcccef131e4a9d601603e62b00f89faa9266320ff09d1863ff', 'd76d7d7ca93f18fcccef131e4a9d601603e62b00f89faa9266320ff09d1863ff', 'd76d7d7ca93f18fcccef131e4a9d601603e62b00f89faa9266320ff09d1863ff', 'f2cf86a19657b3aa07ca58685189ef4a340b9b7574137313a03a479f927beff8', 'f60ce20689def36460f85faa013fbe344a32faa30c6b34a882de3a75d8f39265', 'fd7c41f8910dae21932e824cd13e27e431d48d8a0ad26686d32e46e0dd261b65']"
365,6f2d29799f56d40580bb5fdb4976eed01e5ec7d70d7fb1f30e9913784905e8cf,"['1018e3e7dfb9d8379e1445c723dd2c407dc01caab5fdd436c3ee1e658d182508', '13fdfd827fb0749d0765669ab0a99e56deb498ea7991e5751a1284d8ac8e7d24', '1d40cde9f61d3d0af1b1b4f8d7ab6d0bb4b0ef3827d057750c10094d8dc1ae1c', '3920601e75b8b0eebcc9425e897135eae2208aeecee4bac2150891a3dbc3bb36', '3920601e75b8b0eebcc9425e897135eae2208aeecee4bac2150891a3dbc3bb36', '41aa1eb2198712698a092de00337e6a5505534d4e16be80f968f404ac6545858', '6e3e5086abad81c4802b2411c97f4d72dd02a31253d31212984be5c16a779c15', '6f2d29799f56d40580bb5fdb4976eed01e5ec7d70d7fb1f30e9913784905e8cf', 'a03cadae0f9a4ff4dd60419bb25613a05fde0ddc3bca76f310ff82f1e6122766', 'a3c22ced10a86096245622d7803e23b8024e8b6224d50c1475ddde286623adad', 'b5fa4e4f29c5edee2f45f82eaf342a9b3c0e1a8f4a4b1d3319ad4b2d23b5b19d', 'ba130203a4a3ca5f70a21df5e0ec558ff738b3bd1e2f8bdec56fdc481c200087', 'c3a0d4ab4c700a5f17347cf0437566dd835dcaacda643202b0322cbfb77f667a', 'c7cd89db0e4282b1b59b0b5038737215a7f44cd5674a4a5b0a9d86808a4f9f73', 'c7d9b6aa4776a651ffe3ed0d5260794fd0cd2441f85056f75726724ad20de08f', 'd76d7d7ca93f18fcccef131e4a9d601603e62b00f89faa9266320ff09d1863ff', 'd76d7d7ca93f18fcccef131e4a9d601603e62b00f89faa9266320ff09d1863ff', 'd76d7d7ca93f18fcccef131e4a9d601603e62b00f89faa9266320ff09d1863ff', 'f2cf86a19657b3aa07ca58685189ef4a340b9b7574137313a03a479f927beff8', 'f60ce20689def36460f85faa013fbe344a32faa30c6b34a882de3a75d8f39265', 'fd7c41f8910dae21932e824cd13e27e431d48d8a0ad26686d32e46e0dd261b65']"
366,530b280662ae3a932f05f4380482cf06c8f3e8b69fa7374dc0edd18030626aa7,"['242e4f4ec78e544fd7796d656a5db177d1492a236735c0d8ca7213bda1a75e39', '5295562ae73eaf626bad3c30a86df34b6d7542c45124ae540eeb5be590a3b23c', '530b280662ae3a932f05f4380482cf06c8f3e8b69fa7374dc0edd18030626aa7', '6f0cb7ddc4aa8dbf2fa562f201b0d2b2a656d1511b72386245c34b36eb56b1ab']"
367,3afaa545a22b6442259ac9f50d1e9f80da22c77e9833930865750e304d473dcf,"['3afaa545a22b6442259ac9f50d1e9f80da22c77e9833930865750e304d473dcf', '56fe02073d7e6efba8040de104393e0fe38c4447c27574fa44d8c562712095be']"
368,5ba0698a24d8db3c20a72de4cfdb4cc2895861e3e5abfbb16f886fd65c8f0296,"['456be74840d11d63ba63ef7366d02159e41877db655077c1ce9fa2b453dfafc0', '5ba0698a24d8db3c20a72de4cfdb4cc2895861e3e5abfbb16f886fd65c8f0296', '7db148fa0ea3287263b580b40e54026d8bdcd92cd762e26525050152df454ef9']"
